-0.011361,-0.03703,0.0076508,-0.058641,-0.0010682,-0.085036,0.093898,-0.054887,-0.011548,-0.044594,0.049318,0.021672,0.012701,0.031574,0.030849,-0.018067,-0.099061,-0.0097376,-0.049526,0.01108,0.094175,0.056868,0.047529,0.033775,0.058445,0.024471,-0.025781,0.015288,-0.065407,-0.030102,-0.088357,-0.021562,-0.021642,0.073975,0.0065491,-0.087176,-0.043419,0.062623,0.11336,-0.072788,-0.018329,-0.036251,0.025939,-0.096508,-0.010848,0.062421,-0.033891,0.10477,-0.030264,0.012564,-0.032663,0.019273,-0.06906,0.038035,-0.0034823,0.066202,0.010518,-0.059758,0.092178,0.014593,0.02329,0.037139,0.0751,-0.022012,0.03545,-0.0020112,0.14362,0.015072,-0.039647,0.00061681,-0.01844,0.10666,-0.061815,-0.080431,0.066421,0.063861,-0.0064026,-0.0092741,-0.034972,-0.066977,0.082837,0.064375,0.00074358,-0.026502,-0.021571,-0.04333,0.0082474,-0.17059,-0.0052633,-0.041099,-0.055697,0.020998,-0.060781,0.013836,-0.038897,-0.032684,0.021204,-0.084992,0.057047,-0.047054
-0.082427,-0.011847,-0.056414,-0.064465,-0.0088129,-0.097748,0.071502,0.008708,-0.019232,-0.033204,-0.10117,0.058621,0.065071,0.0047738,0.03223,0.078657,0.07795,0.062869,-0.034815,0.045315,-0.0262,-0.010025,0.03234,0.0024545,-0.021832,0.071537,-0.041884,0.0049459,-0.051182,-0.026091,0.092293,-0.010373,-0.017489,-0.06367,-0.028331,0.007694,0.069315,-0.083401,-0.067462,-0.0070776,0.065736,-0.12746,-0.069693,-0.029241,-0.0064666,-0.038744,0.024664,-0.0050548,0.045468,0.048583,-0.04525,-0.042811,-0.036251,-0.021672,-0.0018687,-0.032218,0.019545,0.08556,0.044464,-0.011209,-0.057331,0.061094,-0.025909,-0.011497,-0.068084,0.022232,-0.053651,-0.0080919,-0.10191,0.060933,0.005518,0.013819,-0.0050443,-0.04903,0.081145,-0.050746,-0.047251,-0.035099,-0.037601,-0.0018078,0.022142,0.0032724,-0.0072522,0.089588,-0.14212,-0.10088,0.044269,-0.053835,0.10272,-0.0034443,-0.067803,-0.0063772,-0.035127,-0.074083,-0.017223,0.06905,-0.030413,-0.01126,-0.073699,-0.015333
-0.020561,-0.018658,-0.004287,-0.045882,0.093138,0.046409,-0.076752,0.019939,0.061701,0.021014,0.10361,0.035617,-0.014452,-0.018185,-0.053275,0.085699,-0.025301,0.059317,0.017036,0.0031952,-0.027994,0.025126,0.048309,-0.045459,-0.03672,0.086694,-0.0090267,0.02232,-0.017707,0.016617,-0.019042,0.050876,0.012985,-0.010947,-0.0192,-0.017633,-0.081717,0.072388,0.0053122,-0.11053,-0.044486,0.045151,0.081906,0.016962,0.056783,-0.043576,0.030973,0.012355,0.0013774,0.064337,0.076887,0.011906,0.019223,0.012157,0.038078,0.040884,-0.041638,-0.047491,-0.046449,0.021352,-0.0024276,0.0014871,0.021242,-0.20809,-0.054969,-0.01432,-0.014445,-0.031696,-0.0049082,0.022875,-0.032503,0.099777,-0.030521,0.018871,0.073937,0.018392,0.057985,0.04738,-0.008952,0.042646,-0.042035,0.027058,0.06833,-0.0075269,-0.081957,0.14692,0.10619,-0.007262,0.019985,0.052876,-0.024699,0.062595,0.029898,0.047609,-0.028385,0.065336,-0.072025,-0.0043391,-0.02399,-0.093932
0.0071473,-0.033501,0.01578,-0.0592,-0.019737,-0.022478,-0.024218,-0.044422,-0.1076,-0.0064604,0.024819,0.020927,0.065334,-0.052538,-0.097192,0.1107,-0.058838,-0.14323,-0.0020346,0.069124,0.02522,-0.05243,-0.016985,0.058638,0.089484,-0.044303,-0.051354,-0.0055803,-0.017891,-0.071818,-0.030833,0.11224,-0.011721,-0.053287,-0.034372,0.079017,-0.062803,-0.035544,-0.022475,0.021437,-0.026526,0.074953,-0.04956,-0.12013,0.027558,-0.052305,-0.072739,0.0015067,0.097241,0.028112,-0.047565,0.017595,0.023231,0.048977,0.09478,-0.03298,-0.011045,0.016486,0.042264,-0.05875,-0.0097443,-0.042183,0.027357,0.061049,-0.048609,-0.0024873,-0.039236,0.023722,0.0066754,0.068786,0.04873,-0.045039,-0.0059897,0.030194,-0.011557,-0.037139,0.098599,0.066457,0.04627,-0.043611,-0.0088359,-0.024522,-0.021435,-0.0095738,-0.039728,-0.052386,0.037737,-0.0070605,0.07982,0.053479,-0.10743,0.0045784,0.022575,-0.014239,-0.043262,-0.0096095,0.038506,0.10281,-0.060202,-0.044644
0.021668,0.019332,0.040468,0.011216,0.063067,-0.062895,-0.010819,-0.046214,-0.014559,-0.01911,0.033354,-0.089414,-0.014364,0.088575,-0.084503,-0.044818,-0.025838,-0.016987,0.11879,-0.011884,0.094016,-0.0030182,-0.02666,0.00047585,-0.053013,-0.0049767,0.12158,-0.00021995,-0.091472,0.090743,0.052276,-0.050169,0.14788,-0.017871,0.0062646,-0.00098105,-3.2804e-05,-0.033676,0.0048014,0.05124,0.043405,-0.0098265,-0.011005,-0.0026882,-0.11902,0.021169,0.0016225,0.069004,-0.018302,0.045592,-0.054746,0.049275,-0.067934,0.12547,0.001518,-0.045775,0.0010878,0.050746,0.095352,0.047154,0.091468,0.072919,-0.026872,-0.046648,0.054482,0.036723,0.10164,0.029416,-0.037404,-0.00099262,-0.05281,-0.0076227,-0.074341,-0.035055,-0.033718,-0.0020578,-0.0023272,-0.062966,-0.030545,-0.045199,0.022553,0.018245,-0.060688,-0.056864,0.015325,0.049371,0.040919,-0.046333,-0.064678,0.032074,0.14166,-0.0059619,0.0534,0.0089717,0.0085493,0.091897,-0.046195,-0.029542,0.10579,0.068007
-0.082247,-0.020993,-0.01197,0.031949,0.060997,-0.030526,-0.089653,0.018536,0.010785,-0.010947,0.026626,-0.042666,0.01586,0.028851,-0.083042,0.062921,-0.0064456,0.071922,-0.052986,0.038319,-0.049211,0.063227,-0.013185,0.14399,0.092408,-0.091697,0.030176,-0.026904,-0.032498,-0.02836,-0.05359,0.072338,-0.032138,0.014877,-0.082568,0.025711,-0.025751,0.062888,-0.071289,-0.13025,0.034031,-0.077932,-0.044733,-0.0113,0.042476,0.046405,0.04046,0.047841,0.055798,-0.044888,-0.005331,-0.035794,-0.0098883,0.039232,-0.031205,0.029949,0.14604,0.0019238,0.06696,0.020564,-0.027856,-0.0031266,0.09512,-0.027987,-0.0015821,-0.030649,0.096734,0.045506,0.049799,0.0017974,0.06181,-0.16454,-0.062936,0.042981,0.0054241,0.049428,-0.043215,-0.057835,0.01721,-0.01561,-0.080892,-0.0016417,-0.033237,0.070635,-0.028582,-0.08778,-0.0033114,-0.071671,-0.11889,-0.017334,-0.059367,-0.083734,0.036109,-0.034357,-0.069899,0.064324,-0.011893,0.066446,-0.022258,-0.039277
0.017958,0.057383,-0.079575,-0.064285,-0.024702,-0.026542,-0.19932,-0.063299,-0.020338,0.019797,-0.098279,0.089527,-0.025132,-0.12672,-0.087872,0.00039317,-0.043345,0.018524,0.013826,-0.11125,0.027475,-0.024208,-0.07898,-0.025483,-0.032324,-0.061917,-0.042198,0.049335,0.096396,0.0403,-0.055617,-0.14379,0.023549,-0.11637,0.075241,0.025519,-0.020435,0.034626,-0.057683,0.046785,-0.08839,-0.12055,-0.025038,0.15213,0.067333,-0.059903,-0.057141,0.016469,-0.00068767,-0.041004,0.018313,0.0019639,0.021477,-0.188,-0.077448,-0.023206,0.064921,0.013891,-0.075785,-0.039374,0.06403,0.0084729,0.032568,0.012194,-0.021937,-0.014571,-0.013332,0.010717,-0.043566,-0.018865,0.084407,0.081763,-0.013376,0.010549,-0.037398,0.045568,0.012859,0.0020272,0.0097375,0.048698,-0.0077424,-0.00089251,0.057744,0.049811,-0.0036608,0.065915,-0.035392,0.0068706,0.10166,0.02198,0.051245,-0.023711,0.01422,-0.05058,0.039513,0.034737,-0.021519,-0.00803,-0.052908,-0.033141
-0.012534,-0.066639,0.022644,-0.023684,-0.098852,0.017109,-0.025196,0.016717,0.029845,0.0455,-0.032282,-0.032683,0.0081398,-0.0035457,-0.0066911,-0.10742,-0.065029,0.13778,0.050608,0.012353,-0.052913,-0.087509,0.0062088,0.018906,0.084724,0.012876,-0.018278,-0.067652,-0.035342,-0.055937,0.076721,-0.079115,0.060831,-0.023848,-0.060194,0.026861,0.0055274,-0.076672,-0.004638,-0.062345,-0.012717,0.0093716,0.062337,0.082822,-0.052162,0.014868,0.029314,-0.04514,-0.013482,0.03593,0.0052113,-0.010013,0.10354,-0.0031637,-0.093149,0.062736,-0.0068161,-0.049244,0.0084572,0.0095815,-0.044166,-0.013368,-0.0042207,-0.037698,0.039208,-0.003674,0.016668,-0.12533,-0.027059,-0.025386,0.0066725,0.037454,-0.09374,0.01432,-0.028063,0.031451,0.088998,-0.0087098,0.01781,0.093623,-0.010472,0.17298,0.084422,0.037341,-0.0016761,-0.032952,-0.018138,-0.032555,0.0062514,-0.059181,0.00012694,0.044774,-0.076827,-0.044714,-0.087762,0.0095689,0.017657,0.086947,-0.050506,0.057655
0.063682,-0.082629,0.069027,-0.023493,0.015456,-0.037525,-0.08838,-0.039552,0.034388,0.022282,0.0014508,0.050894,-0.045278,-0.05134,-0.049731,-0.01072,0.021442,-0.013985,0.013186,0.0077201,-0.043048,-0.041507,-0.021696,0.14917,0.044313,0.057613,0.082115,-0.0043597,0.0066053,-0.050931,0.026775,-0.073766,0.013894,0.067094,-0.028006,-0.0040723,-0.024356,-0.0329,0.0037832,0.012385,0.017567,-0.0063536,0.026986,-0.098136,-0.0082742,0.078978,-0.029321,-0.026021,0.095904,-0.096534,-0.064281,0.086753,0.091294,0.0074863,0.015966,0.013754,-0.0092148,-0.0012315,-0.080572,0.070422,-0.051266,0.070285,-0.0079059,-0.042189,0.038682,-0.042375,0.045081,0.045793,-0.051508,0.089236,-0.079136,-0.045557,0.10723,0.015853,0.088521,0.017366,0.027231,0.052506,0.041803,-0.029529,-0.031306,-0.053822,0.18093,0.022437,0.086318,-0.013353,-0.048071,0.011714,0.068339,0.001959,0.10885,-0.0055695,-0.093335,0.010507,-0.010906,0.017973,-0.033414,-0.02048,0.12882,0.037921
0.0013844,0.026264,0.0041408,-0.034461,0.026363,0.03064,-0.011842,0.064639,0.12367,-0.015313,0.031438,0.057145,-0.023524,0.074235,0.09234,-0.05316,0.067882,0.070655,0.016716,-0.0148,-0.049092,0.037202,0.077559,-0.01793,-0.076931,0.010252,-0.047623,-0.058502,0.046104,-0.031546,-0.011524,-0.038374,0.0032703,-0.022386,0.040758,-0.088275,-0.043006,-0.048955,0.023915,0.0039228,0.038393,-0.030879,0.026361,0.016887,0.0133,0.058374,0.015162,0.027778,0.016358,0.017499,-0.030362,-0.0055347,0.048388,-0.067224,-0.033613,-0.029911,0.050351,-0.064838,0.027775,0.077975,-0.03062,0.034533,-0.10315,0.058198,-0.060637,-0.014557,0.040744,0.032253,0.019525,-0.030486,-0.043813,-0.080011,-0.019269,-0.0029184,0.035499,-0.062019,-0.014033,-0.062002,0.01443,-0.037769,0.020308,-0.031555,-0.029702,0.013829,0.11484,-0.014748,0.0087495,0.0012379,0.091219,-0.02743,0.1138,-0.023592,-0.029564,0.11441,-0.052708,-0.03299,0.046817,-0.085956,-0.06644,-2.3615e-05
0.038201,-0.015352,0.086921,0.045788,0.0021919,0.027824,-0.099042,0.021757,-0.032316,-0.018791,0.031502,0.0019269,0.036475,0.012985,-0.041543,0.028608,0.043523,-0.032495,-0.036758,-0.055492,0.049757,-0.091195,0.010201,0.066923,-0.032535,-0.024377,0.011799,-0.028686,0.021947,-0.078649,0.014777,0.03396,0.029933,-0.022174,0.029908,-0.11321,0.073576,-0.032322,0.057055,-0.029648,-0.092512,-0.077759,0.12471,-0.016511,-0.10574,-0.046428,-0.014492,0.06893,-0.037317,0.045368,0.017425,0.096835,-0.00022235,-0.022297,0.030889,0.0097152,0.043457,-0.03189,0.011482,0.073996,0.020487,0.022784,-0.051973,-0.020124,-0.017386,-0.0037446,-0.03126,0.013324,-0.011307,-0.071215,0.035032,-0.063738,-0.07762,-0.012926,0.033339,0.00065266,-0.015302,-0.035747,-0.076694,-0.042611,0.048542,0.05498,0.059936,0.05554,8.1544e-05,-0.016643,0.0056544,0.014524,0.0021935,-0.020762,0.013248,-0.024536,0.046485,-0.096254,-0.079913,0.038623,-0.05067,-0.12088,-0.032054,-0.11152
0.055923,0.077183,0.072998,-0.038558,-0.093345,-0.10171,0.051422,-0.0080713,0.013418,0.096865,-0.021439,-0.087253,-0.046721,0.04091,-0.11133,0.0036714,0.055872,0.045995,-0.085818,0.055125,-0.064363,0.036947,0.0069368,-0.030379,-0.06932,0.053193,0.0032401,0.076774,0.049253,0.012425,0.0032063,0.042297,-0.067381,-0.021626,0.0051679,-0.11435,0.080681,-0.025869,-0.092139,0.0047722,-0.009064,0.093468,0.014491,0.0074368,0.080276,0.077893,-0.057024,0.003413,0.044903,-0.015649,0.064008,0.021193,-0.13329,-0.030913,-0.025044,0.0098139,-0.048151,0.045558,-0.021049,0.020328,-0.041746,0.013193,-0.04458,0.019414,-0.0033526,-0.059709,0.004946,-0.012831,0.00052469,-0.0003839,-0.068142,0.011287,-0.01473,0.016722,0.084362,0.094895,-0.088085,-0.028015,-0.032336,0.067304,0.0077921,0.012132,0.017974,-0.031739,0.080586,0.006939,0.019799,0.035732,0.10413,-0.11073,-0.030393,-0.035425,-0.038261,0.017973,0.026072,-0.079469,0.030051,-0.18974,0.041136,0.015232
0.063987,0.030074,0.013633,0.062253,-0.026197,0.10166,-0.0027741,0.038249,-0.11281,0.035721,0.032834,-0.082875,-0.023475,0.051104,0.040245,-0.0073118,-0.026685,0.031964,-0.013906,-0.10783,-0.020558,-0.006075,0.074755,-0.026478,0.035766,0.071575,0.0015984,0.079394,-0.060495,-0.087185,-0.022017,-0.039601,0.070781,-0.0037552,-0.027286,-0.086651,-0.075291,-0.012361,0.023365,-0.0059415,-0.04662,-0.0043942,0.040141,-0.014964,-0.020264,0.019133,0.063905,0.068488,0.018175,-0.094813,-0.03319,-0.040709,0.005774,0.014896,0.040907,-0.036299,0.024197,0.029629,-0.064855,-0.055377,0.037932,-0.04881,-0.070956,-8.3813e-05,0.029767,-0.041119,-0.08807,-0.020958,-0.030401,0.034265,-0.051754,0.012125,0.049087,-0.07211,-0.053067,-0.014472,-0.01314,0.042097,0.046663,0.064376,-0.012437,-0.054089,-0.063037,-0.032157,0.02357,-0.054722,-0.12718,-0.041066,0.0025946,-0.043759,-0.086468,-0.038477,-0.026184,-0.063701,-0.039197,0.0029791,-0.038853,-0.046479,0.024912,0.025367
0.066324,-0.045113,0.0059149,-0.033404,0.053186,-0.03121,-0.099759,0.0043544,-0.05849,0.057462,0.019957,0.11714,0.016254,-0.063775,0.010588,-0.063803,0.0594,-0.029715,0.053946,-0.027008,0.12737,0.083951,0.047844,-0.0079404,-0.020203,-0.037489,-0.075301,0.037593,0.011725,-0.0079911,0.071854,0.097999,-0.0079168,-0.070286,-0.0080252,-0.029781,0.044106,-0.11008,0.042787,0.08189,0.055108,-0.063028,-0.0073398,-0.073352,0.052848,-3.2924e-05,0.027972,-0.018566,-0.00082862,-0.0736,0.064708,-0.063787,0.074528,-0.0057919,-0.021316,0.052783,0.044669,-0.0090053,-0.060009,0.018923,0.017664,0.053992,0.014621,-0.052993,0.03494,-0.045251,-0.068069,-0.062144,0.010877,0.083799,-0.10595,0.087709,-0.0030889,0.076415,0.058439,-0.034738,0.017566,-0.0020883,0.036871,-0.026879,0.0063162,0.046322,-0.0088328,0.056817,0.085805,0.0066137,0.0014266,0.078576,-0.03568,-0.0018052,0.11876,-0.004307,0.10215,0.0021252,0.034652,0.093521,-0.0026549,4.0076e-05,-0.0022496,-0.010875
0.046715,0.013733,-0.06051,-0.012459,0.013244,-0.020542,-0.15855,-0.011619,-0.016265,0.08049,-0.021798,-0.14336,-0.022335,-0.063613,-0.0064047,0.0061847,0.035386,0.001739,-0.029321,-0.11428,0.016426,0.086699,-0.089014,0.058542,-0.02465,-0.10504,0.010513,-0.0058165,-0.041573,0.026501,-0.031975,0.04555,0.050007,0.088936,-0.052192,-0.045237,-0.0071021,-0.02063,-0.021227,-0.040401,0.093995,-0.0071845,0.020655,-0.05424,-0.0043754,0.027623,-0.017015,-0.040392,-0.0031107,-0.066222,0.11056,0.044276,0.046777,-0.068522,-0.082779,-0.0036256,0.035514,0.013926,-0.028136,0.050241,-0.091733,-0.064906,-0.030575,0.036671,0.064627,0.081937,0.044483,0.066678,-0.057761,-0.0045576,0.070981,-0.029515,0.017118,-0.026272,-0.020661,-0.004992,-0.044859,-0.018904,-0.013221,-0.024469,0.071409,-0.021657,0.14786,-0.0077971,-0.07072,0.037822,-0.10172,-0.0033701,-0.11354,-0.0035239,-0.0076688,-0.016513,0.068315,-0.0083833,-0.1203,0.0012971,-0.028536,-0.051991,0.0021112,0.0141
-0.024721,0.0021357,0.028284,0.072518,-0.039845,0.12601,0.01945,-0.05306,0.055167,0.033509,0.01946,0.015139,-0.002185,-0.087366,-0.020416,0.010167,-0.035514,0.1306,-0.13019,0.029173,0.011057,-0.0092539,-0.013717,-0.11859,0.017708,0.057989,0.081681,0.02302,-0.076913,0.0081999,-0.052939,-0.08189,-0.026623,-0.030821,0.016319,0.051489,0.0037712,0.011836,-0.014147,0.030184,-0.12102,-0.033674,-0.057227,0.036293,0.0089818,-0.013917,0.029286,-0.087053,0.034955,-0.14025,0.0052629,-0.0063751,0.030035,-0.034578,0.035813,0.0015943,-0.020351,0.064234,-0.019865,0.063847,-0.048009,-0.033464,0.0041125,-0.026681,0.029133,-0.098522,-0.057149,0.055735,-0.10271,-0.008036,0.0073703,-0.018757,-0.070037,-0.023599,-0.0075852,-0.092628,-0.0051142,0.048955,-0.052678,0.060714,0.011677,0.0069471,0.04676,-0.010893,-0.088425,-0.099968,-0.10636,-0.00070022,-0.048569,-0.026039,-0.062905,0.022267,0.023257,0.0033219,0.067511,0.0043484,-0.089937,-0.033317,0.006291,-0.051446
-0.062513,-0.0067313,0.080862,-0.040992,0.012102,-0.036357,-0.019436,-0.038639,-0.048251,0.02322,0.029642,0.004717,0.0014542,0.010851,0.0128,-0.0088931,-0.13056,0.085261,0.085676,-0.027759,-0.040324,0.11795,0.030475,0.061561,-0.029517,0.010302,-0.067321,-0.042269,0.031578,-0.057015,0.027207,0.043859,-0.031978,-0.010186,0.046033,-0.052398,-0.033399,-0.12048,0.0038513,-0.041845,-0.01072,-0.053794,0.11019,0.0084267,-0.017664,0.0088795,0.012781,-0.079287,0.044047,0.072265,0.043666,-0.098671,0.063478,0.063356,0.018892,0.045756,0.082034,0.037098,-0.070365,-0.0713,0.0062295,-0.09599,0.064749,0.023268,0.052572,0.018857,0.028177,-0.045906,-0.048456,-0.046616,-0.041195,-0.0048946,0.067251,-0.00567,-0.010177,0.028866,-0.003903,-0.00099815,0.027953,0.038994,-0.074413,0.0067737,0.046046,-0.063095,-0.014002,-0.010067,0.00060426,0.06018,0.09169,0.02016,-0.026181,-0.022473,-0.018459,-0.017478,0.069905,-0.11228,-0.068554,-0.13763,0.035659,0.0012761
0.068683,0.0021799,0.084306,-0.1041,0.094002,0.037318,-0.028495,0.077519,0.051686,0.041221,0.021808,0.048392,0.021874,-0.031077,-0.043033,-0.011815,0.1319,0.085926,-0.10464,0.052256,-0.058903,0.04691,0.066918,-0.036425,-0.043996,-0.10119,0.096297,-0.048045,0.08133,-0.15577,0.018794,-0.047575,0.18558,0.071589,0.052785,0.020006,-0.00055143,-0.034424,0.016441,0.075678,0.10292,-0.051762,0.022096,0.048873,0.023945,-0.074211,-0.062655,0.010487,-0.0012163,-0.057378,0.096173,-0.022487,0.10956,-0.062646,-0.0010363,-0.070102,-0.07163,0.049732,-0.043146,0.028697,-0.05966,0.058133,0.043579,-0.075961,-0.0049475,-0.010391,-0.00957,0.00091819,0.042746,0.056813,-0.083397,0.012485,-0.00085124,0.020996,-0.090688,0.032185,-0.015787,-0.087769,-0.0029586,-0.012421,0.00090955,0.017292,-0.0047817,0.028506,-0.082953,0.035939,0.046204,-0.040642,-0.059605,-0.043875,-0.015728,0.013031,0.13064,0.0077918,0.068047,-0.025826,-0.099551,-0.022351,-0.044146,0.0025535
-0.13498,-0.030995,-0.039793,0.090682,0.12955,0.0027719,0.056546,-0.043147,0.069797,-0.044589,0.01385,-0.13452,-0.0052326,0.066659,-0.0078479,-0.094296,0.030246,-0.080388,0.047943,-0.10802,0.026943,-0.10895,0.11823,-0.059749,0.069704,0.044907,-0.029626,-0.023464,0.059312,-0.052892,0.075783,-0.020683,0.014582,-0.064708,-0.043973,-0.086489,-0.0092188,-0.034641,-0.0056816,-0.02932,-0.00034402,0.070656,0.06372,-0.017545,-0.005163,-0.047141,0.019377,0.012367,-0.15416,-0.029293,-0.030752,-0.038163,0.01442,0.070241,-0.022192,0.03429,-0.0014314,-0.029718,-0.043162,0.020715,0.071063,0.07676,-0.080602,-0.0041104,-0.040388,-0.080984,0.0053729,0.00038297,0.050256,-0.054844,0.065593,-0.029417,-0.074533,-0.079827,-0.028531,0.055214,-0.075301,0.022742,0.073195,-0.00018394,-0.05918,-0.082159,0.009229,-0.025024,0.11007,0.048739,-0.10156,0.03553,0.023947,0.032516,0.093462,0.063933,0.076875,0.016267,-0.0051682,0.042273,-0.024227,0.023238,0.0094719,0.0056382
0.028896,-0.017017,0.032453,0.0034272,-0.063024,-0.036766,-0.050499,0.023749,0.005247,0.01598,-0.084626,0.12198,-0.081479,-0.038719,-0.073029,0.089342,-0.037892,-0.013747,-0.051838,-0.025105,0.040081,0.014484,0.022262,-0.043381,-0.029341,0.087349,0.016972,0.0045243,0.034926,0.073709,-0.066113,0.0028111,0.073914,0.013178,0.11233,0.014379,0.014265,0.0087638,-0.0079092,-0.058603,0.049278,-0.010535,0.0091082,0.04499,-0.046656,0.044469,-0.027129,-0.10841,-0.017428,0.074069,-0.0065872,0.01712,-0.077963,-0.053582,-0.034021,-0.060566,0.049976,0.0067829,0.023813,-0.0061206,0.040801,-0.049647,0.096708,-0.033619,-0.081506,-0.0054696,-0.0031286,-0.030312,0.061403,0.041332,-0.072511,0.078642,-0.046237,0.079086,-0.0043391,-0.087606,0.018466,0.092434,-0.0057604,0.023702,-0.033749,0.021822,0.021669,0.084322,-0.045673,0.0066711,0.036649,-0.04474,0.088926,-0.099926,-0.015272,0.024953,-0.063002,0.035541,-0.040018,0.077271,0.00065121,-0.053505,0.080664,0.080271
0.051997,-0.082329,0.023152,-0.050859,0.063178,-0.039018,0.05303,-0.027194,0.015921,0.033883,-0.052496,-0.007114,-0.062544,0.066532,-0.030991,-0.059346,-0.10536,-0.027625,-0.0093347,-0.018264,-0.032755,-0.008674,0.0029726,-0.12384,-0.024481,-0.028826,-0.12124,-0.018193,-0.16055,0.021019,-0.010861,0.053426,-0.015759,0.013321,0.010292,-0.010138,-0.044057,-0.025654,0.019111,0.064554,-0.022511,0.057698,0.00041598,0.07983,-0.032788,0.086224,-0.0081243,0.0081551,0.04023,0.013813,-0.041385,0.05094,0.00098063,-0.049674,0.048788,-0.041943,-0.040729,-0.019765,-0.091998,-0.06934,-0.15222,-0.010192,0.077895,0.045727,0.026224,-0.0028885,0.028532,0.08339,0.015532,-0.039426,-0.11979,-0.046159,-0.032413,-0.074784,0.027913,-0.073264,-0.063082,0.081031,0.045192,0.034786,0.030073,-0.13,-0.037032,0.058273,-0.12297,0.047465,-0.12524,0.046008,-0.077463,0.064636,0.066997,-0.040683,0.055319,-0.04629,-0.049584,0.070169,0.069514,0.093685,0.051352,-0.0033585
0.072847,-0.06544,0.033496,-0.048435,0.027904,-0.025652,-0.0259,-0.0071448,-0.065147,-0.065671,-0.047345,-0.036224,0.070918,0.099616,0.080214,0.032564,0.059949,0.063996,-0.12016,0.044,0.017746,0.057192,0.0041825,-0.060412,-0.083643,0.045829,-0.061612,0.061293,0.0022299,0.039847,0.063703,-0.062537,0.045171,0.022085,0.021962,-0.054361,-0.008569,0.034188,-0.017466,0.05436,0.023621,0.062074,-0.090018,-0.069005,-0.042362,0.11951,-0.061033,0.016071,-0.050472,0.012803,0.029414,0.032565,0.009402,0.0078043,0.027214,-0.0050204,0.11438,0.069568,0.041134,0.012643,-0.0065093,-0.03773,-0.030347,0.094443,-0.059437,0.019594,-0.060376,-0.035578,-0.058809,0.0053682,0.023363,0.070653,-0.023901,0.019355,-0.055402,0.0091783,0.085427,-0.067776,0.099036,0.016331,-0.067298,-0.015023,0.12268,0.036968,-0.032948,0.087441,-0.069442,0.021061,-0.044913,-0.05846,-0.025152,0.17591,-0.0071843,0.052621,-0.013401,-0.061757,0.078074,0.025797,0.01701,-0.0578
0.072749,0.023804,0.047206,-0.062327,0.021665,0.11534,-0.050057,-0.089099,0.013273,0.0094789,0.012501,-0.031408,0.062729,0.021469,-0.0023865,0.060734,-0.010413,0.073906,0.08431,-0.08207,0.022771,-0.053647,-0.02132,0.043405,0.052119,0.10599,0.076378,0.16339,0.04257,-0.022323,0.07784,-0.023567,-0.00032757,-0.077053,-0.02467,0.021991,0.052263,-0.066636,0.0086438,-0.041981,-0.0021362,-0.019061,0.0050786,-0.00074675,-0.019398,-0.0054671,-0.067724,-0.040106,0.021337,0.0060262,0.013091,-0.03799,0.027296,0.026491,-0.056287,0.10661,0.021823,-0.01645,-0.03617,0.024907,-0.0919,-0.020901,-0.044255,-0.050131,-0.021755,-0.07083,0.010263,-0.023282,0.081334,0.03879,0.021875,-0.04886,0.020628,0.060516,-0.020743,0.0073842,-0.085691,0.010868,-0.0057283,0.048391,-0.036056,0.010599,0.025436,-0.037315,-0.014766,0.036057,0.013448,0.015034,-0.060006,0.010181,-0.081879,-0.014055,-0.00997,-0.041933,-0.0096539,0.092683,0.0083356,0.02505,-0.03026,-0.0067969
-0.0194,-0.02566,0.067942,-0.0075276,-0.011408,0.097411,0.055984,0.029064,0.11094,0.031449,0.036559,-0.030598,-0.063417,-0.038231,0.11008,0.020506,0.014782,-0.0044399,0.050489,-0.034153,-0.03186,-0.12926,0.047553,0.039095,-0.023511,0.0032518,0.0028376,0.01971,0.081936,-0.02552,0.0071277,-0.14853,-0.14076,0.057759,0.0076201,0.033708,-0.017285,-0.040611,0.084188,-0.073571,-0.10784,-0.0036243,0.048034,-0.037665,-0.056105,-0.016104,0.04765,-0.016041,-0.0045166,0.04286,0.03002,-0.068076,-0.060378,-0.059657,0.0066299,-0.028762,0.0041463,-0.04669,0.0066026,-0.10269,0.039641,-0.03609,0.03293,0.092196,0.088586,-0.055315,-0.072097,-0.023051,-0.048756,-0.07912,0.059999,0.042331,-0.13677,-0.061967,-0.011432,-0.070459,-0.024402,-0.082502,0.0048842,-0.033542,-0.089973,0.025445,0.017964,-0.092186,0.027982,-0.0365,0.015528,-0.036782,-0.034058,-0.012905,0.13699,0.070221,0.022263,-0.072969,0.0041558,-0.016458,-0.027724,-0.0033079,0.095248,0.059651
0.082546,-0.044603,-0.013238,0.11469,-0.040561,0.0027373,-0.096974,0.039276,-0.0055561,-0.025753,0.0066954,-0.016862,0.029626,-0.079003,-0.097168,-0.071542,0.011718,-0.099661,-0.015095,-0.027034,-0.078135,-0.059758,-0.019491,-0.11499,-0.21787,-0.023051,0.033371,0.0044493,0.015416,-0.06239,0.050632,-0.076093,0.027897,-0.0028428,0.011849,0.032974,-0.028018,0.023102,-0.028812,-0.02691,-0.074052,0.031035,-0.058649,0.097971,0.013651,-0.023936,0.10751,-0.026584,0.00045386,-0.11407,-0.014136,0.11106,0.029379,-0.026206,0.013517,-0.0081369,0.099718,-0.1929,-0.013279,0.059714,-0.020653,-0.0181,-0.0030586,0.085386,0.045808,-0.035196,0.0082415,0.038906,0.023965,-0.013761,0.042855,-0.024588,-0.072492,0.02387,-0.10641,-0.055639,-0.13356,0.023129,-0.029595,-0.02698,-0.04349,-0.020114,0.089672,-0.087802,-0.070446,0.002256,0.074514,-0.022029,0.048135,-0.073746,0.057381,0.017022,-0.0054207,-0.094483,-0.011911,0.072455,0.024019,-0.048818,0.028109,-0.028795
-0.0018831,0.023691,0.039283,-0.066174,0.044345,0.060198,-0.12848,-0.069957,0.048044,0.084044,-0.0081469,0.0082469,0.052988,0.040642,0.011482,-0.036357,0.0045631,0.020572,0.0098371,0.0032064,-0.048746,0.005199,0.054627,0.019138,0.020317,-0.051583,0.091809,0.050799,-0.071815,-0.032871,-0.0853,-0.036562,-0.048575,-0.051318,-0.11056,-0.055777,0.0065905,0.095609,0.023972,0.031977,0.12319,0.0048594,0.01913,0.0031773,0.13374,-0.027634,0.084861,-0.026466,0.041599,-0.10077,0.013966,0.10849,0.0018128,-0.011455,0.05042,0.13086,-0.040775,0.046861,-0.0029085,-0.031894,0.035536,0.026302,-0.016858,0.05899,-0.060958,-0.0081837,-0.035496,-0.041227,0.025658,0.00071213,0.043135,0.017409,0.069095,0.062738,-0.033431,0.068687,-0.054149,0.099422,-0.012184,-0.045615,0.066546,-0.078326,-0.024532,0.053969,0.026477,-0.07306,-0.098984,-0.041306,-0.11099,0.011625,-0.020596,-0.042393,0.045059,-0.013588,0.062909,-0.010849,0.011288,0.097614,0.027339,0.023949
0.039639,-0.01098,-0.0016664,-0.021442,0.099,0.0057522,-0.034862,0.013526,0.097502,-0.054625,0.010606,0.084667,0.0046981,-0.052404,-0.078341,0.026523,-0.01597,0.0065131,-0.031006,0.088053,-0.1205,-0.063075,0.083317,0.07771,0.10206,0.039985,-0.029025,-0.030591,0.0068709,0.064545,-0.091778,0.012255,0.075254,0.0037604,-0.064407,-0.0061839,-0.028324,0.020927,0.085888,-0.044895,-0.04934,0.032406,-0.055582,0.041051,-0.0059639,-0.024774,0.057257,0.00086892,-0.093825,-0.0341,-0.11707,-0.049316,0.031606,0.0090888,0.0078801,-0.15149,0.026025,-0.049602,0.0033185,-0.032681,0.027677,0.030941,0.028323,-0.016975,0.090687,-0.034933,0.0067866,-0.05376,-0.055454,0.085755,-0.014463,-0.040664,-0.055855,0.0026372,-0.036706,-0.0072098,-0.017937,-0.040435,0.020058,0.054663,-0.077461,0.081682,-0.082499,0.076752,0.015498,-0.06474,0.016485,-0.055367,0.067739,-0.067073,-0.0021096,-0.052929,-0.023706,0.042385,-0.00063255,-0.00099489,0.0016371,-0.061196,0.10296,-0.073871
0.058541,0.062447,0.06705,0.028317,0.056166,0.066098,0.029105,-0.086327,0.0064972,-0.057784,-0.025143,0.024908,0.0036846,-0.046097,0.050071,0.031321,-0.083356,-0.034629,-0.021295,-0.090837,-0.079614,0.021761,0.10725,-0.044379,-0.076804,0.040801,-0.049624,-0.059893,0.035692,-0.030938,-0.060452,0.049354,0.005886,0.063867,-0.048526,-0.030293,-0.0048165,0.0020453,0.028894,-0.11748,0.019179,0.071432,-0.13396,0.0068818,0.040013,0.027612,-0.027509,-0.011348,0.036711,0.02156,-0.099147,0.040127,-0.01914,-0.028578,0.054158,0.065127,0.042452,0.0015871,-0.0088181,-0.015147,-0.042069,0.1098,-0.011975,-0.029645,-0.035895,-0.0079325,0.067049,0.061054,-0.095534,-0.074773,-0.0092613,-0.0047277,-0.054931,-0.0058315,0.084844,0.094324,0.044302,-0.0050394,-0.037406,-0.02265,-0.019998,0.048427,0.046238,0.056377,-0.023236,0.098181,-0.11431,-0.049229,-0.039002,-0.028686,-0.081705,0.032014,0.1191,0.049361,-0.015855,-0.00019,-0.010784,-0.072602,-0.0019779,-0.10179
-0.041258,-0.07738,-0.012439,-0.062892,0.0083214,-0.07241,0.11615,-0.012437,-0.073789,0.0070869,0.01027,-0.0074247,0.0036955,-0.048194,-0.021624,0.0070752,-0.019856,0.079535,0.070078,-0.013069,-0.11826,0.0071997,-0.020042,0.12933,0.046655,-0.1016,0.056591,-0.028631,0.11782,0.046481,-0.0092772,-0.015379,-0.08101,-0.035008,0.0055063,0.085328,0.010651,0.042787,0.0047264,-0.093368,0.0058513,0.083734,-0.045478,0.027382,-0.053773,0.016395,-0.0635,-0.046993,-0.027365,0.0033082,-0.022798,-0.054067,-0.11008,0.014485,0.039462,-0.027892,-0.014832,0.11628,-0.017931,-0.023629,0.082231,0.072425,0.054403,0.051255,0.11635,-0.094652,0.022813,-0.036305,0.036394,0.15065,0.057656,-0.015836,0.056011,-0.048788,0.063588,-0.0017659,-0.094252,0.028783,-0.054543,-0.039953,-0.021448,0.016168,-0.060953,0.0066416,-0.050413,0.057691,-0.025584,-0.040293,-0.016838,-0.043934,-0.045909,-0.027392,0.0096435,0.092943,0.063229,0.043663,-0.0062777,-0.014366,0.0011989,-0.076413
0.029984,-0.070951,-0.01144,0.025256,0.029418,0.058628,0.032485,-0.074812,-0.027573,-0.044256,-0.18321,0.012003,-0.037019,0.00052769,0.0085748,-0.0087359,-0.023612,-0.14731,-0.012694,0.04684,0.037824,0.010463,-0.04834,-0.0024386,-0.008693,0.040673,0.083737,-0.066563,0.090139,0.10351,-0.006302,0.036381,0.037536,-0.026295,-0.031711,-0.012317,-0.0027691,-0.058597,-0.046278,0.12023,0.066784,0.067557,0.0025995,0.0136,-0.025536,0.08392,0.016815,-0.0020943,-0.025068,-0.11359,0.0073288,0.085493,0.023542,-0.064811,-0.083679,0.014988,-0.074376,0.052536,0.08427,0.044113,0.024237,0.015395,0.012618,0.052256,0.039372,0.013217,0.12017,-0.031775,-0.05716,-0.012288,0.033954,0.089998,-0.088374,-0.084975,-0.018857,-0.014989,-0.004471,0.062816,-0.0099745,-0.0055049,0.033683,-0.042216,-0.14634,-0.056743,-0.019255,0.043086,-0.10171,0.037143,0.023104,-0.097675,-0.016082,-0.00072089,-0.0014332,-0.0091499,0.069239,0.062317,0.041826,-0.032337,-0.025302,0.027575
-0.068785,-0.0052749,0.024985,-0.041301,0.038533,-0.063988,-0.015275,0.014752,-0.098004,0.01993,-0.022767,-0.017419,-0.040128,-0.0461,-0.020079,-0.08499,-0.0059458,0.028288,0.074623,-0.13258,0.039877,-0.0043031,0.083998,0.020469,0.078807,-0.069312,-0.093171,0.0081358,0.028587,-0.048242,-0.038475,0.014139,0.037043,-0.021739,-0.017933,0.032895,-0.023954,-0.0039834,0.077079,0.015678,0.085075,-0.023563,0.0073296,0.049448,-0.031425,-0.0042962,-0.049546,-0.03599,0.019828,-0.067293,0.028052,-0.091593,-0.018615,0.0068973,0.034938,0.089215,0.043974,0.044909,-0.056723,0.071515,-0.0083511,-0.081369,0.035617,0.021259,0.051789,-0.016924,0.064772,-0.066829,0.027731,-0.045896,0.029195,-0.027155,-0.10005,0.067643,-0.023048,0.019731,0.042527,0.12975,-0.054559,0.053777,-0.023926,-0.046753,-0.009151,-0.032884,-0.052604,0.04687,0.035146,0.045314,-0.055841,0.04002,0.022814,-0.0074337,0.099645,0.02504,0.089424,-0.078999,-0.073096,0.0073913,0.037081,-0.0028304
0.073507,0.042462,0.055264,0.026885,-0.015348,0.055421,-0.03148,0.013093,-0.12486,-0.047678,-0.0069301,0.078157,-0.08907,0.043201,-0.082533,-0.0076886,-0.027524,-0.021697,0.0058598,-0.009218,0.030027,-0.039733,-0.082672,-0.091519,-0.029698,-0.042704,-0.01073,0.0087873,-0.040708,0.049926,-0.022538,-0.085795,-0.010708,-0.011087,0.01767,-0.06551,0.0091645,-0.043506,0.043664,-0.01329,-0.033353,-0.08096,-0.056299,-0.051347,0.0090933,-0.050534,-0.067321,0.05488,-0.032552,0.059843,0.15456,-0.020683,0.010574,0.10586,0.0031555,0.078247,0.036632,-0.024115,0.066548,-0.01107,-0.058347,-0.040333,-0.13513,0.08317,0.032601,-0.063279,-0.025013,-0.10529,0.010669,-0.0058698,-0.064421,0.010814,-0.044652,0.043914,0.066736,-0.030787,0.07585,-0.014687,0.12264,0.027141,0.091444,-0.075043,0.016168,-0.048673,-0.040881,-0.016141,0.083314,-0.016191,0.013873,-0.06341,0.064847,0.069199,-0.0061735,0.036192,0.092287,0.042617,-0.012194,-0.009909,0.031006,-0.039136
0.054167,-0.080416,0.084542,-0.017345,0.065723,-0.025704,-0.015939,-0.026503,-0.091518,0.0096551,-0.027711,-0.009902,0.098544,-0.039784,0.045589,-0.088362,0.031544,0.015063,-0.036775,0.067012,0.058028,-0.026823,-0.00776,-0.06589,-0.014033,0.0062696,-0.0059358,0.053424,-0.017959,0.045283,0.10243,0.055656,0.011495,0.062448,0.0022472,0.04162,-0.096415,0.0005732,0.030072,0.11562,0.073433,0.0043552,-0.062365,-0.00068513,0.0060904,0.018549,0.041301,0.040863,0.032536,-0.043717,0.031223,-0.060212,0.039556,-0.0096853,0.032251,0.0321,0.043664,0.023355,-0.020052,0.078182,-0.10217,-0.040611,-0.010931,-0.02747,0.0041408,0.013158,0.080431,0.022398,-0.097743,-0.039077,0.10813,-0.03223,-0.035327,-0.011527,-0.029803,0.057826,0.089054,0.14646,-0.081762,0.11286,-0.073071,0.080229,-0.041465,-0.030773,-0.042395,0.021782,0.090822,-0.0043698,0.019628,0.031992,-0.051187,-0.03619,-0.11109,-0.0076179,0.014098,-0.00099807,0.00027051,-0.071909,0.17559,-0.016917
0.071784,0.019028,-0.022183,-0.00035923,-0.051779,0.010117,-0.087781,-0.044203,0.094106,-0.077401,-0.018071,-0.010058,0.060162,-0.0090985,0.042105,-0.022011,-0.0048923,-0.010879,-0.010044,0.00082647,0.051272,0.081516,-0.070344,0.042029,-0.026815,-0.039307,0.012477,-0.045731,0.029333,-0.046097,-0.032092,-0.043416,0.023697,0.01621,-0.044751,-0.092289,-0.012098,0.095405,-0.11617,0.015745,-0.016262,-0.062582,0.0092968,-0.096085,-0.079893,0.0093045,6.5602e-05,-0.0025369,-0.063118,0.19097,0.016083,0.016392,-0.029665,-0.019216,-0.066178,-0.082036,-0.012076,0.018813,0.061562,0.013296,-0.0078592,-0.021959,-0.039772,0.041257,-0.13823,-0.00039863,-0.013241,0.036283,-0.064649,0.00061835,0.025661,0.044433,0.027391,-0.081201,-0.043595,-0.034829,-0.065492,0.038885,-0.066187,0.034566,-0.05322,-0.024743,0.02454,-0.084765,-0.0022458,0.11934,-0.0617,0.020882,0.086227,-0.045798,-0.064618,-0.12708,-0.071872,-0.027601,-0.074286,-0.087921,0.083782,0.025775,0.058263,0.00080747
0.0080503,-0.065382,-0.068816,-0.094237,0.072149,0.025138,0.077755,-0.022733,0.091949,0.10986,0.089854,-0.023713,-0.062045,0.072606,0.022098,-0.01849,0.015654,0.039446,-0.018359,0.013301,0.0079832,0.013951,-0.064229,-0.052995,0.0035517,-0.039489,-0.044574,-0.058102,-0.022952,0.064838,-0.041356,-0.031266,0.024019,-0.025581,-0.016872,0.11894,0.02672,0.017006,-0.025175,0.018225,-0.031146,-0.0037149,0.0014027,0.069212,-0.026014,-0.067513,0.039382,-0.04455,-0.020582,-0.02184,0.023378,-0.016582,0.048429,0.0056178,0.0005238,0.069463,-0.023848,0.070455,0.032359,-0.046419,0.081838,0.034798,-0.062037,-0.004399,-0.047652,0.032375,-0.0074529,0.0033821,0.044386,0.021109,-0.16383,0.029034,0.056225,0.026896,0.14833,-0.094843,0.031023,-0.019408,0.0073831,0.038509,0.027264,0.060364,0.051812,0.11584,0.054312,0.0086346,-0.072842,-0.00030902,-0.095753,-0.012739,-0.061286,0.044176,-0.048393,-0.0066602,0.054631,-0.013424,-0.013492,-0.099718,-0.051514,0.024902
-0.062884,0.042136,-0.011086,0.04336,0.0049427,0.059646,-0.028072,0.086339,-0.025795,-0.080068,-0.15243,-0.10084,-0.052651,-0.0094761,-0.13179,-0.037164,-0.036506,-0.044177,-0.07404,0.010117,-0.039668,0.021691,0.018147,0.027459,-0.081599,-0.05114,0.058782,-0.1193,0.12783,0.0055146,-0.046206,-0.042165,-0.040701,-0.036267,0.070439,0.017548,-0.042282,-0.00038236,0.04863,0.087528,0.052889,0.011623,0.0087914,0.063198,-0.03159,-0.022114,-0.028092,-0.0087401,-0.046818,-0.043204,-0.041802,-0.13073,0.027192,-0.081526,-0.0008436,-0.011485,0.092372,0.010818,-0.0044532,0.081879,0.040934,-0.047921,-0.0027311,0.012688,-0.05292,-0.077607,-0.02062,-0.0056483,0.10504,0.077957,-0.0077744,-0.05051,0.00448,-0.033147,-0.0012281,-0.030417,0.038638,0.045927,0.032496,0.050162,-0.028123,0.0028186,-0.022765,0.088051,0.0070085,0.0061402,0.01152,0.020944,0.068634,0.039322,-0.031057,0.0048016,-0.027612,-0.072055,0.029343,-0.0566,0.020569,-0.037561,0.031616,-0.02997
0.067192,-0.01524,-0.049588,0.013364,-0.0052879,-0.03519,-0.062857,-0.030407,-0.0050383,-0.015619,0.10364,0.087417,-0.034656,0.0067564,0.0068845,-0.066853,-0.01685,-0.036208,-0.10701,0.021635,-0.11358,-0.0048778,0.0076218,0.018202,-0.012356,-0.0031133,-0.035566,0.034884,-0.010696,-0.074016,-0.065919,0.0025611,-0.069437,-0.00080127,0.029846,-0.024236,-0.10899,-0.10724,-0.027961,-0.0034551,0.046043,-0.02392,0.05096,0.13054,-0.0023491,0.034267,-0.03336,-0.018207,0.068407,0.099596,0.0082424,-0.00018289,0.063051,0.06865,0.021564,0.0060221,0.030343,0.10613,-0.019396,-0.048142,0.056982,-0.0012144,0.02689,0.051755,0.081268,-0.0432,0.052873,-0.036087,-0.0557,-0.018793,-0.033335,-0.015298,0.037705,-0.015906,-0.057089,0.07915,-0.041804,0.010436,0.03833,0.0017962,-0.043676,-0.029287,-0.023439,-0.014614,-0.069013,0.0057405,0.055017,-0.018819,0.027867,-0.026968,0.0066144,-0.055164,0.078062,0.078871,0.068769,0.064257,-0.033203,-0.0098919,-0.038347,0.087893
-0.020765,-0.035432,0.12416,0.010255,-0.042961,-0.046386,0.0076535,-0.06684,0.038095,-0.063092,-0.0076291,0.012477,-0.031334,-0.051637,-0.037184,0.12732,-0.02597,0.010225,-0.013812,0.086864,-0.017475,0.070308,0.011233,-0.066334,0.041893,-0.0033062,-0.02748,0.11455,0.006866,-0.028127,0.041105,0.0066202,0.052362,0.052818,0.049492,-0.029444,-0.081982,0.017926,-0.12304,-0.013419,0.015865,0.0033398,0.012321,-0.065067,0.058835,0.087395,0.010433,0.04832,0.069547,0.056122,-0.0934,-0.063614,0.032108,-0.032212,0.021067,-0.10236,-0.046604,0.064009,0.079784,-0.088565,0.061821,0.083806,0.024482,0.006379,0.024579,-0.023243,-0.073212,-0.01804,-0.077215,-0.07788,-0.045109,-0.10631,0.06435,-0.0041283,0.039851,-0.063096,-0.0038012,-0.025497,-0.019322,0.070744,0.013534,0.0095885,0.018141,-0.00067303,0.13139,0.08472,-0.10604,-0.036063,0.1146,-0.055713,0.042118,0.058032,0.029647,-0.054883,-0.039877,-0.026748,-0.050343,0.041844,-0.025634,0.077458
0.052078,0.040355,0.038545,-0.0057646,-0.046817,-0.078496,-0.064758,0.06322,0.0072755,0.06993,0.079006,-0.042266,-0.061914,0.065179,-0.01667,0.032482,-0.022019,-0.0009687,0.0059532,0.060118,-0.0081761,-0.063334,0.047305,0.11296,-0.015119,-0.072911,0.059936,0.071313,-0.077247,0.048087,0.028818,0.047392,0.056781,-0.10794,0.0098153,0.017297,-0.069044,-0.12861,-0.0024755,0.0059076,-0.014093,-0.028456,0.0061311,0.0025279,0.0298,0.074514,0.02669,-0.045237,-0.02615,0.052261,0.059375,-0.085478,-0.034766,0.043169,-0.1464,-0.0088199,0.044036,-0.16095,0.0034568,-0.00091419,-0.06865,0.082529,0.021187,-0.022511,0.025665,0.028523,0.015158,-0.0083868,-0.026574,0.0089472,0.027106,0.12309,0.022345,0.026683,0.055111,-0.010469,-0.10766,-0.092912,-0.09206,0.079274,0.071988,0.14533,-0.054623,-0.11027,-0.019623,-0.04012,0.044833,0.013067,0.029507,0.12041,0.062179,-0.053867,0.079515,-0.047581,-0.0072779,-0.017983,-0.035888,-0.048016,0.020372,0.010959
0.0018184,0.028062,-0.046394,-0.016472,-0.013648,-0.043649,0.019564,-0.043183,0.02708,-0.019784,-0.073934,0.080459,-0.0090836,0.087633,0.040109,-0.03958,0.049707,-0.024564,-0.061101,0.0019951,-0.0036928,0.036363,0.0040276,-0.023018,-0.10265,0.030817,-0.10452,-0.051359,-0.086498,0.133,0.053166,0.018849,0.14111,-0.025736,-0.04333,0.0057818,-0.093936,0.041619,0.097998,-0.0055678,0.048993,0.07232,0.1534,-0.0058527,-0.051721,0.024952,0.0087686,0.073573,0.10203,0.0016956,0.0068248,-0.049454,-0.021157,0.025575,-0.0476,0.0076755,-0.11579,-0.057541,-0.12049,-0.025697,0.025842,-0.032569,0.015606,0.052119,0.0042557,-0.062543,0.035685,0.01255,0.026201,0.059354,-0.089785,0.042847,0.10383,0.036172,-0.063499,-0.047796,0.097219,0.03588,0.055523,0.013942,0.018828,-0.013425,-0.037295,-0.051655,0.043616,-0.085089,-0.020857,-0.057735,-0.031923,0.017212,0.046993,-0.020804,0.0032202,-0.052468,0.032174,0.017534,0.018115,-0.044038,-0.05019,-0.091038
-0.031348,0.064063,0.023574,-0.086241,0.15898,0.029908,-0.050709,0.0187,-0.02663,-0.012269,-0.010617,-0.028098,-0.006022,0.02726,0.042758,-0.007166,-0.09118,0.062606,0.086178,0.034486,0.013035,0.067905,0.016722,-0.055485,0.017991,0.070753,-0.020069,-0.012973,0.021604,0.06571,0.042859,-0.017743,0.02137,0.0095013,0.08597,0.020991,0.013784,-0.0030135,-0.039079,-0.033992,0.043231,0.07362,-0.0098737,-0.03736,-0.057427,-0.030884,-0.099251,-0.004184,-0.036458,-0.047321,0.049308,-0.054021,0.014482,-0.034577,-0.058692,-0.027854,0.019701,-0.0014057,0.065751,-0.0037283,-0.066727,0.011886,0.00060414,0.014407,0.055559,0.039202,0.013134,-0.13483,0.071401,0.17513,-0.060057,0.027986,-0.024986,0.081602,-0.044574,-0.027218,-0.018928,-0.028568,0.058716,-0.042585,0.031731,0.013522,0.050885,-0.11494,-0.015942,0.042786,-0.042598,-0.020476,0.016679,-0.042683,-0.057314,-0.01511,0.068865,-0.083745,0.064709,0.010552,0.041127,-0.028014,0.12126,-0.052218
-0.057124,-0.080205,-0.0076248,0.090707,-0.00074855,0.065469,-0.13806,-0.12074,0.04026,-0.03427,-0.040831,0.051045,-0.063417,0.035169,0.080224,-0.038955,-0.037832,0.063252,0.10578,-0.076308,0.014396,0.06893,0.00050938,-0.086718,-0.0066698,0.027516,-0.016766,0.10869,0.08778,0.046131,0.035198,-0.076924,0.024433,-0.06057,-0.085973,0.0032436,-0.028472,0.01946,-0.029794,0.045387,0.028271,-0.060177,0.030272,-0.063644,0.052249,-0.054508,0.010386,0.021883,-0.07349,-0.063319,-0.04392,0.10318,-0.060478,0.0012752,-0.0025041,0.010575,0.021497,0.02421,-0.10049,0.027293,0.052846,0.055224,0.039958,-0.089207,0.0042572,0.0010869,0.0074546,-0.0031553,-0.057458,0.053029,0.069576,0.0093139,0.025264,0.082185,0.056847,-0.018316,-0.080693,-0.030022,-0.02337,0.0051166,0.09985,0.026653,-0.062354,0.067176,-0.033484,0.0018281,-0.062252,0.010238,0.1252,0.07941,-0.093731,0.036701,-0.056137,-0.07275,0.029883,-0.012975,0.018705,0.065259,0.0090249,-0.0073412
0.01688,-0.061821,0.087569,-0.044524,0.063179,-0.066525,-0.031061,-0.051974,-0.05988,0.004125,0.078579,0.028912,0.0049759,0.033034,0.0025017,-0.015636,0.10163,0.042387,0.10917,0.051775,-0.0088082,-0.082655,0.030878,-0.011174,-0.027584,-0.081818,-0.064984,-0.09029,-0.024699,-0.026531,0.031954,-0.00035256,-0.038184,-0.014112,0.017396,0.041498,0.049612,0.019151,0.034435,0.022548,0.021385,-0.043348,-0.022837,-0.12508,0.075342,-0.049802,0.031986,-0.0045917,-0.082239,-0.074769,0.0091066,0.077771,0.065513,-0.071457,-0.03706,0.025028,-0.021455,-0.005048,-0.014278,-0.083022,-0.1489,-0.00301,0.04995,-0.065444,0.044327,-0.03329,-0.067717,0.035838,0.12255,0.014,-0.047533,-0.015454,-0.022666,0.021726,0.037117,0.0092326,-0.05371,-0.027234,0.061377,-0.08046,-0.03395,-0.0083784,-0.057794,0.020141,-0.035801,0.059823,0.045233,0.076496,0.063762,-0.013072,0.021826,-0.0037797,-0.019223,0.013781,-0.048745,-0.060633,-0.064568,-0.020724,-0.0026118,-0.069005
-0.064375,0.080878,0.049776,-0.017741,-0.016656,0.044275,0.063264,0.072367,-0.023055,0.038773,0.054568,0.06294,-0.10253,0.014507,-0.070921,-0.096377,0.044995,0.025466,-0.022796,0.090102,-0.067289,-0.015175,0.049879,-0.011292,-0.0053014,-0.087353,0.045161,0.037818,0.082263,0.025174,0.052989,-0.014702,0.014968,-0.027237,-0.052447,0.056555,0.070543,0.012941,0.041189,-0.01615,0.046923,-0.076646,-0.057377,-0.029999,0.070536,-0.0086481,-0.02306,0.092962,0.061403,0.015638,-0.074149,-0.0020065,0.11904,-0.064606,-0.05849,-0.039552,0.052228,0.11154,-0.087167,0.057469,0.0064253,0.11171,0.069982,0.017455,0.0021414,0.15142,0.060271,0.023598,0.047297,-0.020281,0.10375,0.0097072,-0.0044541,0.016377,0.014859,0.020693,0.028615,0.012429,0.037471,-0.031285,0.0033431,0.11335,-0.017961,0.020653,0.097959,-0.037944,0.014315,-0.01395,0.055427,0.031047,-0.053511,0.027598,-0.01802,-0.040865,-0.006887,-0.018946,0.031535,-0.043613,-0.13078,-0.052049
-0.048858,-0.02785,0.0082751,0.064972,-0.12107,0.0004026,0.063918,0.052665,-0.025984,-0.037767,-0.040708,0.037847,0.063705,0.050896,0.012632,0.090574,-0.024654,0.080958,-0.020614,-0.053303,-0.069007,0.072877,0.047888,-0.048836,-0.046832,0.072695,0.040531,-0.00026004,0.014911,-0.011318,-0.0012304,0.071518,-0.02595,-0.032063,0.025022,-0.026331,0.04711,-0.047331,-0.065097,-0.053249,0.063188,0.00016459,-0.040885,-0.0068693,-0.033463,-0.0055155,-0.036321,-0.12784,0.012594,0.017881,0.013888,0.10182,-0.098736,0.02146,-0.021677,0.0012055,0.10118,-0.065427,0.064743,0.068571,-0.05067,-0.019944,-0.090352,-0.039665,0.0042195,0.050034,0.10728,0.065891,0.010607,0.035419,-0.051842,0.028466,-0.050783,-0.0417,-0.075008,-0.019171,-0.010799,-0.01802,0.018484,-0.025282,0.036314,0.02711,0.067574,0.023858,0.049653,-0.030451,-0.0017296,0.020011,-0.02133,-0.010483,0.10973,-0.070419,-0.02085,-0.0094374,0.025011,0.012171,0.032154,-0.045645,-0.032259,-0.066133
0.10021,-0.033238,0.0067922,-0.015504,0.047104,0.044206,-0.067208,0.077692,0.10632,0.020183,-0.05574,-0.0087583,0.018562,-0.056283,0.093453,0.051576,0.0060771,-0.036175,-0.059139,-0.008314,0.082418,0.090599,0.06298,0.0022713,-0.049882,0.0089381,-0.018272,0.04727,-0.0079965,0.050947,0.010659,0.012805,0.026285,0.0014781,-0.090583,-0.034596,0.021454,0.054305,0.083996,0.031222,0.017445,-0.045049,-0.059346,-0.061751,0.0125,0.013754,-0.09824,0.00016122,0.075283,0.050233,0.039084,0.076543,0.096278,-0.040177,0.0042315,-0.038392,-0.055862,-0.033328,-0.075079,0.038341,0.039969,0.019502,-0.07736,0.022402,0.047973,-0.12411,-0.015026,-0.081176,-0.047243,0.041179,0.0041528,0.043702,0.045127,0.035523,0.012893,-0.029131,0.054685,0.085905,0.087991,0.086804,0.097372,0.057742,0.053586,0.00023916,-0.036162,-0.0035431,0.035433,-0.047773,0.09162,-0.02028,-0.046927,0.01331,0.049068,-0.017248,-0.02725,-0.16948,-0.037259,0.081957,0.029843,-0.077001
-0.019965,0.023297,0.04919,0.029742,-0.057243,-0.010056,-0.056997,0.055952,-0.027713,0.026123,-0.061012,-0.031261,0.050401,0.00099369,-0.048061,0.016649,0.060539,-0.10404,0.015579,0.052365,0.0096622,0.065094,0.0026359,-0.0064433,0.083288,-0.046085,0.0025166,-0.076466,-0.03121,0.017541,-0.040592,-0.041456,0.069875,0.012589,0.021077,-0.0092348,-0.01074,-0.026349,-0.048835,-0.03392,0.0042065,-0.048325,0.063144,-0.075894,0.02825,-0.12533,0.001507,-0.070244,0.038588,0.0023824,0.043576,-0.078668,0.027726,-0.0013328,0.028779,0.011618,0.043649,-0.071786,0.002381,0.0057544,-0.047577,0.046378,-0.0029116,-0.041439,-0.00075369,0.062324,0.066542,0.078277,0.016405,-0.051247,0.035996,-0.062819,-0.030581,0.088157,-0.09595,0.0060094,0.027671,0.043115,0.044369,0.0017678,-0.014521,0.04094,0.013627,-0.085115,0.066392,-0.058361,0.024431,0.051124,0.018307,0.01441,0.018562,0.036387,0.0090613,0.0077567,-0.049331,-0.0063585,-0.046846,0.019467,-0.018618,-0.058071
-0.044977,-0.044415,0.0062307,0.01871,0.027606,-0.013491,0.043288,0.011323,0.014196,-0.077027,-0.024403,-0.086712,0.050365,0.0075764,0.0556,0.025162,0.012252,0.10948,0.025619,-0.0319,0.14572,0.024932,-0.0042684,-0.029339,-0.016781,-0.034766,-0.079105,0.087412,-0.067171,0.062825,0.058734,0.060998,0.087332,-0.034544,-0.032403,0.016981,0.055252,0.0107,-0.10788,-0.022513,-0.013949,-0.049162,0.027529,0.024796,-0.022973,0.018997,0.047035,-0.13953,0.11329,0.055692,0.01106,-0.0065894,-0.03602,-0.047255,0.0049536,0.045084,-0.05599,-0.04072,-0.02009,0.046123,0.021853,0.11874,0.053772,-0.0025681,0.013652,-0.012599,-0.01826,0.0094929,-0.038357,-0.065322,-0.015291,0.021777,-0.087419,0.11425,-0.088644,0.039922,-0.009825,0.035087,-0.12624,-0.041461,0.072036,0.0096536,-0.026521,-0.010432,-0.036684,-0.014576,-0.017187,0.0015635,-0.014689,-0.035111,0.036467,-0.029099,0.002315,-0.13479,-0.040331,0.018338,-0.014947,-0.035319,-0.027664,-0.074897
-0.041532,0.043664,0.015514,-0.014377,-0.010233,0.061099,0.052701,-0.0053729,0.010283,0.087298,-0.029508,-0.0045388,0.0071659,-0.040609,-0.00046168,0.10364,-0.070215,0.10123,-0.044258,-0.018822,0.05047,-0.080578,0.0052,0.036288,-0.027281,0.025316,-0.025776,-0.050566,-0.034584,-0.035701,-0.071676,-0.095987,-0.073996,0.021815,0.11728,-0.042277,-0.033663,0.097575,-0.040247,0.042031,0.073347,0.0057191,-0.033939,-0.012365,-0.02684,-0.0037136,0.046572,0.1151,0.086821,0.038758,-0.038553,-0.020886,-0.057759,-0.033568,-0.021901,-0.010654,0.0026704,-0.024782,0.034072,0.0084261,-0.068792,0.012851,-0.091685,0.022559,-0.01266,0.062024,-0.0049485,-0.010152,0.032259,-0.033521,-0.011212,-0.03284,-0.042546,0.035368,-0.00037392,0.0013441,0.14057,0.068714,0.070204,-0.093989,-0.021016,-0.040657,-0.057609,-0.045833,-0.013921,-0.00066559,0.0087273,-0.039054,-0.0075144,-0.028003,0.0032297,-0.0023431,0.10353,0.083502,0.020787,-0.10834,0.046542,-0.033127,0.016536,0.094537
-0.049279,-0.02875,-0.025402,0.010518,-0.011293,-0.014652,0.017723,-0.047268,0.040048,0.014056,-0.0093354,0.0078442,-0.071774,-0.027289,0.019335,-0.027481,0.022289,0.0063227,-0.1137,0.0079821,0.12245,-0.086583,-0.08576,-0.006336,0.021468,0.050767,-0.025845,0.012362,0.0055838,-0.054078,-0.038129,0.0024342,0.0135,0.11137,-0.059998,-0.028714,0.20664,-0.00301,-0.011866,0.080124,-0.16722,-0.071341,-0.074812,-0.004111,-0.00061598,0.033235,-0.0079248,-0.036985,0.047175,0.053272,-0.028006,0.0070362,0.045196,-0.049872,-0.059623,-0.014439,0.053862,0.025687,-0.14536,-0.035446,0.013316,-0.097856,-0.028178,0.043779,-0.14383,0.029761,-0.047261,-0.079177,-0.029791,-0.0073792,-0.027842,0.0036966,-0.039586,-0.046627,0.066125,0.028733,-0.032028,0.051649,-0.0097634,0.00046378,-0.086055,0.0010771,0.024139,-0.011238,-0.076146,0.12808,-0.010067,0.073914,0.0035248,-0.0055164,0.027673,0.086221,0.00083027,0.087763,-0.044502,0.13401,-0.05596,0.001358,-0.013959,0.097492
-0.03847,-0.04937,0.059,-0.043441,-0.015227,0.015391,-0.054594,-0.0089954,-0.011064,-0.017055,0.040013,0.0039941,-0.043158,0.1162,0.11781,-0.095729,0.028642,0.1114,-0.027632,-0.059066,-0.12312,0.044178,-0.034168,-0.025724,-0.047943,0.057066,-0.11845,-0.083674,-0.061582,-0.0032561,-0.00062411,0.069103,0.028879,0.065133,-0.0017407,-0.041644,0.027132,-0.050576,0.070505,0.040673,-0.039835,0.0048538,-0.012616,0.039209,0.026039,0.051604,0.079361,0.010864,-0.067253,-0.018012,0.03295,0.012119,0.057017,0.026133,0.037086,0.027262,-0.078348,-0.015003,0.078648,0.037506,0.01698,-0.059082,0.043778,-0.042675,-0.066885,0.00010186,0.045492,0.025293,0.035263,-0.13303,0.017991,-0.0096498,-0.10122,-0.084692,-0.026085,0.015355,0.020448,-0.087628,-0.010708,-0.039012,-0.050176,-0.026783,0.064316,-0.041241,0.015275,0.028343,-0.062747,0.03726,-0.029395,-0.035504,0.019446,0.05107,-0.071209,-0.0081247,0.025552,-0.061218,-0.0010321,0.030522,-0.062944,0.06029
0.067322,0.069679,0.019921,0.032645,-0.015937,-0.015193,0.020923,-0.020671,-0.010207,-0.023543,0.074001,0.098157,-0.04975,-0.069114,-0.032272,-0.040208,-0.046515,0.038997,-0.050161,-0.01213,0.005587,0.019659,0.061219,-0.0053161,0.093277,0.011178,0.0083514,-0.0083516,-0.028924,0.047434,-0.10289,0.052673,-0.056905,0.070094,-0.086233,-0.13267,0.01085,0.050812,-0.052333,0.057422,0.048741,0.10571,0.12685,-0.038561,-0.00011118,0.019485,-0.034479,0.002436,-0.045559,-0.057227,0.012039,-0.051383,-0.032155,0.029011,0.034285,0.010178,0.010706,0.018944,0.044228,0.042681,-0.08339,-0.019514,0.053736,0.01589,0.11634,0.031862,-0.068884,0.049991,-0.02583,0.022529,0.11562,-0.044468,0.021772,-0.028221,0.041671,0.058333,0.014947,-0.031112,-0.017526,-0.0090725,0.023912,-0.022846,-0.053287,0.088425,0.10075,0.026479,-0.077842,0.054333,0.08071,-0.07012,0.10462,-0.1431,0.030342,-0.019225,0.0050271,-0.0052762,0.061445,0.046164,0.0088927,-0.079448
-0.053518,-0.055599,0.13278,0.099016,-0.091749,-0.048143,-0.0056589,0.085796,0.043109,0.032399,-0.029528,-0.05552,0.0045421,0.07106,-0.11859,-0.041048,0.12961,0.047642,0.093103,-0.040604,0.0092276,0.021322,0.050333,0.035766,-0.0068879,0.0097958,-0.016965,0.00042482,-0.036078,-0.11153,0.040809,0.033982,-0.018073,-0.015478,-0.037093,0.016124,0.050592,0.076898,0.029134,-0.069706,0.05418,0.017036,0.096779,0.055466,-0.1051,0.12134,-0.0057848,-0.0043177,-0.0066894,0.041057,0.018228,-0.047628,0.018131,0.056327,-0.050951,0.074447,-0.043593,-0.042638,-0.054581,0.13728,-0.048619,-0.10671,0.078009,-0.014011,0.016842,0.05296,0.026623,0.055047,0.13636,0.091009,-0.082462,0.069987,0.01077,-0.068203,-0.065069,-0.093887,0.017131,0.09255,0.010373,-0.027726,-0.040784,0.0021505,0.0032366,0.010237,0.034533,0.0066294,-0.010271,-0.096412,0.033324,-0.032876,-0.011771,0.014938,-0.0028936,-0.058538,-0.007662,0.039859,0.10995,0.0033106,0.03041,0.0033801
0.023533,-0.060338,0.039218,0.06224,0.061919,0.05562,-0.11066,-0.084795,-0.0025665,-0.052116,0.0090543,-0.052336,0.050539,0.01062,-0.054345,0.024027,0.064092,-0.061088,0.051109,-0.056192,0.075981,-0.050812,-0.013731,-0.00019393,0.024795,-0.011274,-0.024703,-0.015827,-0.036123,-0.08832,0.026967,0.071712,-0.024081,-0.05651,0.021604,-0.078881,0.077814,-0.032421,0.10465,0.07923,-0.052027,-0.010711,-0.002181,-0.060129,-0.005235,-0.070777,0.029143,0.011781,0.0040323,-0.052368,-0.00072221,-0.034126,-0.017948,0.0038289,-0.022886,-0.034159,-0.056233,-0.042436,-0.074166,-0.071261,0.037469,-0.035391,-0.011243,-0.0072755,-0.035921,0.015576,-0.10235,-0.17509,-0.08321,-0.052022,-0.0087836,0.010626,-0.035696,0.05194,0.011986,0.034888,-0.015888,0.04232,0.020786,-0.057612,-0.022639,0.0031881,-0.024299,-0.017868,0.0202,-0.030241,0.11262,-0.026364,-0.014466,0.022214,-0.080353,-0.019408,0.041316,-0.026093,0.011149,0.00079848,0.037954,0.016726,-0.039752,0.059262
0.020639,-0.013127,0.057583,0.060207,-0.053978,0.07325,-0.026884,-0.13794,-0.097955,0.028317,0.035087,-0.040061,0.036784,-0.027219,-0.044158,-0.036884,-0.028447,-0.020535,-0.032005,-0.038986,-0.0061452,0.023513,-0.0064469,0.057902,-0.084169,0.0079297,0.0021343,0.072487,0.030152,-0.01504,-0.070438,-0.033835,0.0091422,-0.04029,0.02775,0.0058737,0.0095026,0.045851,-0.094819,0.034222,-0.041541,0.030564,-0.0019249,0.015957,-0.10345,-0.0060137,-0.00017783,0.023906,-0.027008,-0.0023184,0.031339,-0.034671,-0.1145,-0.0096251,0.013145,0.071925,0.043656,0.058811,0.06331,-0.015737,-0.085704,-0.019563,0.1011,-0.10566,0.025497,0.04617,0.046262,-0.060641,-0.082858,-0.035514,-0.0087995,0.061126,0.033466,0.039788,0.031548,-0.017322,-0.13932,-0.0014148,-0.034588,-0.070893,0.037735,-0.058744,0.0060648,-0.016105,0.019888,0.01398,0.032155,-0.05268,-0.078632,0.00013451,0.032823,-0.05143,-0.078889,-0.026945,-0.064991,0.051001,0.0017413,0.058856,-0.089886,-0.044968
0.0362,0.042596,0.047894,-0.094483,0.012543,-0.0077103,-0.015772,0.092017,-0.049485,-0.024078,-0.022189,-0.0088978,-0.057713,0.049871,-0.015351,0.036182,0.036857,0.0066698,0.024809,-0.044514,-0.03099,0.00050363,0.011461,0.019942,-0.015755,0.032594,-0.097459,-0.043278,-0.05135,-0.11226,0.012745,0.094423,-0.07449,-0.085749,0.097969,-0.045232,-0.012971,0.03216,0.04334,0.047411,0.0054223,-0.014465,-0.020601,-0.044706,-0.0052642,-0.043086,0.084259,0.10852,-0.031222,-0.085345,0.041795,0.0040367,-0.0022698,-0.023335,0.050061,-0.052181,0.0054664,-0.093968,-0.10429,0.058983,0.021746,-0.025562,-0.0249,-0.018458,0.0826,-0.024689,0.004293,-0.011266,-0.063576,-0.0094066,0.009582,0.0022967,0.0012046,-0.078748,-0.052691,0.073465,-0.018671,-0.06534,0.05089,-0.083905,0.11563,-0.070646,0.0018139,-0.052351,-0.0083446,0.10673,0.034895,0.033324,0.018214,0.046534,0.017841,-0.024642,-0.069168,-0.046441,0.03965,0.039732,-0.0061396,0.097514,-0.08875,-0.064476
-0.020732,0.040541,0.0019782,-0.10667,-0.069378,0.072159,0.12918,0.069838,-0.033431,0.021367,0.011028,-0.025712,0.051299,-0.04743,0.013513,-0.004035,0.05589,-0.085598,0.042715,0.025645,-0.031673,0.11262,0.0089762,0.04291,0.059722,-0.022786,0.0026756,0.078634,-0.025186,-0.069537,-0.00090729,-0.023091,-0.047087,0.033418,0.0075424,0.052407,0.050215,0.0097675,-0.010761,0.0039641,-0.041931,0.092877,-0.11286,0.059068,-0.040918,0.019968,-0.027639,-0.013459,-0.073201,0.091058,-0.0055429,-0.030069,-0.019251,-0.054004,-0.026581,-0.013033,-0.069267,0.013877,0.050315,0.075581,0.086701,-0.011423,-0.036512,-0.028287,0.071027,-0.049655,-0.037359,0.038571,-0.0054404,0.02132,-0.0087218,-0.088989,-0.11601,0.046903,-0.042239,-0.045935,-0.019561,0.084086,-0.040879,0.09262,0.001834,0.033039,0.032023,0.016008,-0.015394,-0.073972,0.058387,-0.0031301,-0.058857,-0.049434,-0.068943,-0.023218,0.037329,0.081023,-0.018337,0.12315,0.031601,0.077327,-0.028004,-0.088019
0.056697,0.066565,-0.03747,0.016796,0.089578,0.019444,0.0013565,-0.10804,-0.028968,0.023145,-0.0070457,0.10272,-0.067571,0.036437,-0.033019,-0.045517,0.035908,0.061218,-0.034306,0.023581,-0.011999,0.019455,-0.030965,0.031681,-0.19926,-0.037194,-0.032395,0.037305,0.12727,-0.042166,0.086814,0.087186,-0.041369,-0.004028,0.0097816,-0.028484,0.063851,0.13136,-0.033892,-0.079322,0.063761,-0.041671,0.030286,0.10446,-0.065934,-0.0058994,-0.067348,-0.013181,0.03554,-0.035821,-0.093008,0.040104,-0.069219,-0.026218,0.046927,-0.07004,0.068188,-0.063993,0.033276,-0.083959,-0.011883,-0.057132,0.096706,0.035411,-0.024043,0.043581,0.044525,-0.050988,-0.10775,0.097581,0.02077,0.025562,-0.0013884,-0.08298,-0.082315,-0.025616,0.020571,-0.078599,-0.025094,-0.033504,-0.0093169,-0.023435,-0.034596,-0.024516,-0.047166,0.076725,-0.0033675,-0.061129,-0.037944,0.001276,0.027684,0.076425,-0.043417,-0.014137,-0.067389,0.0083056,0.004018,0.021326,-0.015136,0.015463
0.011389,-0.074587,-0.055177,-5.2393e-05,0.055326,0.070377,-0.057612,0.084502,0.020947,0.03999,-0.027183,-0.053579,-0.026606,-0.011478,0.048579,-0.057828,-0.077598,-0.03085,0.005728,0.018079,-0.032848,0.05666,0.0015631,0.011364,0.049681,0.11356,-0.019611,0.084974,-0.049169,0.075814,-0.036127,-0.0057244,0.015338,0.031166,0.055931,-0.074818,0.099666,0.084024,-0.020906,-0.070485,-0.019069,0.0046657,-0.023576,-0.010514,0.030599,-0.066075,-0.0093718,-0.026662,-0.038514,-0.062774,0.11805,0.025542,-0.046538,-0.084446,0.086606,-0.13602,0.01494,0.12043,0.035925,-0.11431,0.046896,0.022909,0.07016,-0.033746,-0.13795,-0.066469,-0.001202,-0.08195,-0.051529,-0.08403,0.079755,0.0077931,-0.019594,0.024185,-0.053852,-0.0037121,-0.027397,-0.031375,-0.065526,0.047665,-0.087116,0.051704,-0.02402,0.037082,-0.030876,-0.12041,-0.070908,0.018863,-0.022292,-0.079476,0.023932,-0.067655,0.039727,-0.11236,-0.050354,0.0066429,0.011158,0.084655,0.048492,0.048869
-0.021119,-0.037021,0.039995,-0.028806,-0.044076,-0.05117,0.029652,0.012791,0.04595,-0.0016292,0.014685,-0.0011705,0.0061635,0.038429,0.041423,0.10163,0.0091257,0.070074,0.027049,0.018209,-0.026604,0.06346,0.079043,-0.015754,0.10928,-0.015184,-0.084822,-0.029026,-0.022678,0.037551,0.12452,-0.050443,0.14489,-0.032138,-0.04433,0.029973,0.058795,-0.046478,-0.075628,0.058425,-0.026271,0.077396,-0.03411,0.032414,-0.062745,0.0039648,0.023075,0.072642,-0.020403,0.059457,0.043721,-0.076004,0.12482,0.044676,0.080052,-0.026373,0.03898,-0.025714,-0.10771,0.080067,-0.050108,-0.019207,0.047239,0.071709,0.060776,0.021124,0.049911,-0.050267,-0.078648,0.0073053,0.045563,0.02946,-0.018391,0.082408,-0.08463,0.043962,0.00060967,0.09461,-0.088411,-0.078714,0.065898,0.0030426,-0.053163,0.057092,-0.13388,0.020962,0.087565,0.075358,-0.00090081,-0.057851,-0.07674,0.0010747,-0.027951,-0.072935,-0.054872,0.028801,0.032738,0.11811,-0.01023,0.026202
0.089036,-0.080974,0.046907,0.12436,0.056266,-0.066521,0.083939,-0.067548,-0.014312,-0.075175,0.012925,-0.069285,0.0048632,0.053164,-0.083673,-0.039438,-0.0033289,-0.033232,0.0073632,0.029188,-0.073137,-0.02574,-0.056847,0.070603,0.015723,-0.054754,0.040484,-0.021931,0.073392,0.028725,0.023213,0.022007,-0.071854,-0.040401,-0.035809,0.029,0.032178,0.08277,0.038471,0.043986,0.028313,-0.054545,-0.020161,0.00048971,-0.064713,0.0012933,0.0063035,-0.13305,0.043101,-0.027502,-0.10058,-0.031424,0.029159,0.0063082,-0.064323,-0.0010445,0.046443,-0.024553,-0.10186,-0.15432,-0.015173,0.059821,0.0054093,0.094224,0.0066861,0.04685,0.00041314,0.011951,0.038575,0.0041087,0.040623,0.0051268,0.0039469,0.027086,0.016511,0.014671,-0.017771,0.015934,0.089207,0.011455,0.057694,0.03562,0.058444,0.023086,0.005519,-0.060944,-0.11972,-0.076173,-0.038857,-0.083777,0.071023,0.077337,-0.014622,0.069808,-0.0075404,0.067526,0.063764,-0.0030501,-0.059291,0.0015989
0.051544,-0.048085,-0.0070286,-0.0018325,0.0030284,-0.011624,0.035961,0.022665,0.061634,-0.053238,0.0023896,-0.038511,0.0225,0.030775,-0.0043157,0.021918,-0.080923,0.014277,0.0095421,-0.043279,0.10094,-0.08049,0.05306,0.02941,0.045432,0.11861,0.021574,0.066961,0.10707,0.02913,0.03866,0.0051559,0.067652,-0.084168,-0.022987,-0.055195,0.011898,-0.029429,-0.01436,0.0070341,0.043748,0.01351,0.01446,0.04695,-0.097031,-0.073333,-0.03178,0.032545,0.070172,-0.091307,-0.094638,0.065915,-0.055609,-0.0051572,0.05854,0.027643,0.042642,0.005278,0.036394,0.0094352,0.022932,0.023328,-0.037332,-0.039908,0.063693,0.074065,0.051931,-0.018717,-0.0068809,0.022285,-0.013833,0.039489,-0.0051456,-0.049221,-0.031094,0.06118,-0.022049,-0.019809,0.074352,-0.036666,0.020841,0.061497,0.0021876,-0.020861,-0.092352,-0.067269,-0.1308,0.022225,0.0099601,0.018015,0.088394,-0.11192,-0.028228,0.089897,0.028051,0.11437,-0.044032,-0.10259,0.10463,0.010991
0.004853,-0.015169,0.089385,0.057591,-0.04936,0.087127,0.019219,-0.048314,-0.0089915,-0.10623,0.008628,-0.067968,-0.12245,0.016029,0.023223,0.024909,0.028828,-0.0070944,-0.062387,0.13144,0.075469,-0.050132,0.067741,-0.0031816,-0.07638,-0.039689,0.023817,0.055425,0.081254,0.018455,0.031888,-0.032484,-0.037528,-0.045385,0.0040969,-0.007447,-0.01779,0.0015414,0.059213,-0.069477,0.092813,-0.0010443,0.0011523,0.053773,-0.023005,-0.053024,-0.047825,-0.00816,-0.046243,0.069164,-0.022688,0.065654,-0.014468,-0.055019,0.053648,-0.065528,-0.06562,0.080314,0.016007,-0.010417,-0.017043,-0.0029377,-0.043705,-0.094441,0.027197,-0.00052902,-0.027138,0.024999,0.10188,-0.063837,0.099954,0.045977,0.0061068,0.025073,-0.045229,0.015745,-0.061805,-0.010564,0.045191,0.05706,-0.040263,-0.054061,0.0099485,-0.088597,0.063322,0.050405,0.027311,-0.041082,0.020367,-0.021938,-0.085004,0.0076257,-0.00065395,0.063221,-0.058672,-0.022193,0.031807,0.033139,0.012202,-0.0097022
-0.013856,-0.0060709,-0.12122,0.066299,-0.062137,-0.076219,0.0059115,-0.0088497,-0.077034,0.075731,0.0022606,-0.015816,-0.0025878,-0.072364,-0.020994,-0.031633,0.038089,0.0073019,0.035649,-0.023946,-0.0024701,0.1019,-0.05413,0.063789,-0.0034034,0.041863,-0.068407,0.017299,-0.0082272,0.053789,-0.01293,-0.035767,-0.032131,0.11535,-0.00067648,0.080138,-0.0091931,-0.0050443,0.010942,0.090946,0.032711,-0.015524,-0.01937,0.075612,0.025891,0.041381,0.037225,-0.0016021,0.075764,-0.040931,-0.023669,0.043083,-0.0019465,-0.030384,-0.072243,-0.054519,-0.081143,-0.0053906,-0.062149,-0.0045236,0.067868,-0.012262,0.016695,-0.061246,0.12781,0.019544,-0.064787,0.009601,-0.024723,-0.028873,-0.036363,0.010955,-0.037518,0.032067,0.09638,-0.086681,-0.011834,-0.00089089,0.042362,0.0037127,0.018379,0.077257,0.044012,-0.035735,-0.035211,-0.020981,0.030275,-0.06685,0.14486,0.036861,0.019322,-0.039688,0.09736,0.047643,0.032944,-0.068281,0.083585,0.0015208,-0.09968,0.022501
0.044861,0.04137,-0.034581,0.0020194,-0.035884,0.031763,-0.0058621,0.022497,-0.0067787,-0.065322,0.058748,-0.086037,0.099819,-0.0074867,0.02902,0.12582,0.0001861,-0.0061435,0.012055,-0.14014,0.010686,-0.052334,0.043433,-0.020439,-0.10779,0.078264,-0.024369,-0.013523,0.054306,0.045797,0.045156,-0.054312,0.0097834,-0.03144,0.045084,-0.051582,-0.026939,-0.06258,-0.057561,-0.0066452,-0.025054,0.13907,0.019583,0.058697,-0.036216,-0.015791,-0.084981,0.017647,-0.019785,-0.050764,-0.037032,0.072311,0.0063975,0.032419,0.017793,0.078019,-0.043632,0.059289,-0.096261,0.033278,0.021791,0.11278,0.090549,0.0018948,-0.07045,0.02447,0.015473,0.045553,0.086816,-0.054506,0.11928,0.13463,-0.17262,0.045844,0.10393,-0.047885,-0.067863,-0.015763,-0.0086635,-0.014277,0.042372,0.039711,-0.056781,-0.0044762,-0.13409,-0.0043971,0.055631,0.046032,0.13237,0.043162,-0.028056,0.11635,-0.085981,-0.10559,0.086018,-0.032938,0.037197,-0.013886,-0.072112,-0.030445
-0.097681,-0.0017851,0.067421,-0.045301,-0.0067237,-0.035432,0.060692,-0.048594,-0.0089807,0.010117,-0.044621,0.038659,-0.084933,-0.024577,0.079948,-0.0053316,0.07042,-0.016795,0.026223,0.013262,0.12682,0.0013492,-0.057844,-0.031607,0.057213,-0.0088773,-0.043689,0.011268,-0.03641,-0.011724,-0.014571,-0.03215,-0.050876,0.034518,0.1092,-0.00084575,-0.07717,0.046641,-0.074348,-0.10374,0.025647,0.11944,0.058617,0.061629,-0.018762,-0.13379,0.027151,-0.0099025,-0.045967,0.11636,0.036542,0.023387,0.055651,-0.050093,-0.00087646,-0.023704,-0.015524,0.043148,-0.033398,0.020431,0.0025101,-0.057077,-0.044157,0.043741,0.0087584,0.13404,-0.038032,-0.052323,-0.020527,-0.034033,-0.047548,0.06137,-0.12468,-0.023997,0.0039541,0.04638,-0.005647,-0.023446,-0.022196,-0.10064,-0.080462,-0.010488,0.062056,0.097545,-0.022477,-0.0083467,-0.046471,-0.005857,0.019655,0.065864,0.033581,0.030669,-0.016755,-0.011774,0.0062722,0.13617,0.074567,0.028927,0.031501,-0.10599
0.070015,-0.072461,-0.0023572,-0.057144,0.090348,0.021239,0.024489,0.092375,0.0067383,0.0021965,0.032931,-0.023364,-0.062483,-0.038481,0.03906,0.030898,0.019362,-0.038287,0.050101,0.043035,0.067067,-0.0044081,-0.013827,0.082922,0.071182,-0.081704,-0.019674,0.030824,-0.0079481,0.056245,0.078407,-0.020656,-0.014437,-0.076884,-0.002543,-0.10209,0.048585,0.014268,0.0037399,0.0045607,0.021847,0.05977,-0.089749,-0.0077172,0.10076,0.0067621,0.022501,0.13401,-0.018235,0.01608,0.042242,-0.035263,-0.019352,-0.074039,0.038848,-0.022947,0.071284,-0.023455,0.048206,0.14721,0.026032,0.04602,-0.035925,0.037149,0.10005,0.088066,-0.10622,-0.13186,-0.037704,0.028688,0.038495,0.052701,-0.012237,-0.0085231,-0.033148,-0.031579,0.029667,0.091422,0.065779,-0.049794,0.0087648,0.019206,-0.034052,-0.0076202,0.088589,0.088046,0.035348,-0.031475,-0.059966,-0.051281,0.020153,-0.034477,-0.039548,-0.0039079,-0.03681,0.0046109,0.096569,-0.045583,0.061909,0.042546
-0.084307,0.00054352,-0.039211,0.0040098,-0.042707,-0.028857,0.033986,0.0086313,-0.087657,-0.063372,-0.049305,-0.016675,0.061033,-0.033797,-0.043421,0.09021,-0.041386,-0.028797,0.00069019,0.054585,0.067595,0.026888,0.072638,0.11243,-0.046944,0.027565,-0.056794,-0.039219,-0.028623,-0.044106,-0.0085156,-0.14254,-0.0043555,-0.052826,-0.049617,-0.10062,-0.0093957,0.061794,0.04109,-0.028303,-0.058086,0.022587,-0.022228,0.010574,0.031803,-0.12108,-0.015367,0.034535,0.024831,0.013518,0.048566,0.027602,0.094816,-0.04697,0.061881,-0.055913,0.069811,-0.021441,0.11233,0.082129,-0.077953,-0.04897,0.07493,-0.029723,0.066093,0.10274,-0.055907,-0.068018,-0.054616,0.069261,0.10209,0.070995,0.1027,0.04317,0.066197,0.036993,0.031773,-0.0091129,0.064364,-0.063955,-0.015392,-0.0022167,-0.024201,0.071344,0.063233,0.0057732,-0.021431,0.063387,0.021868,-0.0084789,0.0078673,-0.094475,-0.044557,0.035565,-0.032503,-2.5091e-05,-0.011498,-0.038119,0.015074,-0.071449
-0.11849,-0.06715,-0.086206,-0.074683,-0.020054,0.049039,-0.055792,0.05354,-0.083827,0.010883,0.0083668,-0.027315,0.024869,0.058519,-0.064736,-0.0029985,-0.093686,0.10434,0.064096,0.0036151,0.049612,-0.11605,0.058251,-0.0052905,-0.015841,0.065562,0.036766,-0.1371,0.044699,0.050057,0.059724,0.08699,-0.14637,-0.06328,0.044939,0.077829,-0.026134,-0.068072,-0.031443,0.042374,0.017684,-0.041926,0.06042,-0.0038707,-0.048578,-0.061469,0.0067488,-0.013721,-0.032242,0.0099627,0.018286,0.097946,0.1601,0.0022369,-0.046857,-0.039646,0.029805,-0.062652,0.00351,0.051797,0.073679,-0.024427,-0.032878,-0.01029,-0.0003974,-0.032501,-0.045592,-0.10016,-0.019492,0.023427,0.030437,-0.047818,0.10487,-0.05562,0.062605,-0.044021,0.022171,0.00022727,0.01001,-0.011461,0.021765,-0.0046124,-0.041591,-0.018444,0.080541,0.02559,0.034926,0.048559,-0.018554,-0.039155,0.015943,-0.00017412,0.024823,-0.10766,0.09785,0.079227,-0.025318,0.033086,-0.027576,0.0061383
-0.053711,0.12789,0.0047642,0.022141,0.009727,-0.10267,-0.022538,0.02177,0.033449,-0.0022115,-0.040433,0.068703,0.050074,0.10873,-0.02596,0.076098,-0.019271,0.093211,-0.0058078,0.022853,0.024352,-0.024908,0.070891,-0.070805,0.01402,-0.07175,0.036991,0.056831,0.033052,0.025037,-0.02477,-0.060538,0.0074765,-0.024776,0.020683,0.012089,-0.0086833,0.015751,0.093608,0.044873,0.017784,0.15113,0.0069597,0.036727,0.030817,0.11289,-0.032449,0.086593,-0.14048,-0.0027105,-0.076569,-0.050085,0.06447,0.0027721,-0.045182,-0.068791,0.01109,0.036135,-0.025155,0.041006,0.023635,0.029758,0.0089556,0.036722,0.1026,-0.13875,-0.11402,-0.090806,-0.057337,-0.17068,-0.015214,-0.12467,-0.080518,0.12023,0.011632,0.0092919,-0.05131,-0.048743,0.048327,-0.0083196,-0.069848,0.076264,0.041832,0.014513,0.050531,-0.028888,-0.0061348,-0.0089809,0.034787,-0.092676,-0.048905,0.029129,0.019024,0.028806,-0.036137,-0.0093174,-0.015784,-0.080603,0.10743,0.033563
-0.026584,0.060181,-0.014617,0.012345,-0.048415,0.047916,0.072292,-0.020491,-0.095444,-0.082998,0.05226,-0.011428,-0.074197,-0.10623,0.057629,0.074001,0.0089963,-0.057902,-0.034906,-0.011122,-0.13829,-0.0059837,0.0092578,0.059659,0.091824,-0.05173,-0.037864,0.074103,0.049689,0.052881,0.068064,0.034567,0.12644,0.012485,-0.077136,0.034983,-0.041303,-0.061038,0.0011136,-0.10541,-0.047768,0.0047458,-0.039095,0.044165,-0.026928,-0.060901,0.064525,0.024321,0.026265,-0.037282,0.02391,0.035247,-0.07724,-0.038724,0.0088046,-0.052713,0.025168,-0.010585,0.043589,0.0063063,-0.037112,-0.088689,0.036907,0.0065457,0.12546,-0.00037734,-0.052077,0.055416,0.034884,-0.012658,-0.0089396,-0.081137,-0.023474,-0.0018678,-0.064679,-0.059038,-0.019634,-0.02997,-0.19241,-0.061007,0.0099782,-0.011413,-0.049389,-0.069922,-0.00089314,0.03563,-0.076854,-0.012548,0.052535,-0.038567,0.017785,-0.017947,0.058505,0.044864,0.062696,-0.013218,-0.0056276,0.050107,-0.01305,0.058863
-0.024904,-0.027291,0.095603,-0.067064,0.01056,-0.13724,0.050467,-0.028936,0.007842,0.065426,0.030351,0.036225,-0.041324,0.092149,0.081821,-0.0086636,-0.072678,0.06573,-0.11067,0.056928,0.073474,0.02998,-0.068871,-0.026576,0.070515,-0.050049,-0.0013018,0.022452,0.018013,0.080627,-0.076068,0.058092,-0.032131,-0.025969,0.042843,0.0076626,-0.031255,-0.11843,0.12226,0.059103,0.065843,-0.037361,0.037778,0.0034959,0.087514,0.0093318,-0.014824,-0.02825,-0.076723,-0.094416,-0.054747,0.049178,0.0069585,-0.13488,0.064502,0.037477,-0.002687,-0.0049544,-0.067221,-0.015115,-0.063363,-0.0029526,-0.03468,0.0098802,0.031457,0.045469,0.051084,0.0209,0.032681,-0.063902,0.019953,-0.028499,-0.085438,-0.078769,-0.03758,0.088015,-0.054251,-0.015029,0.0057602,-0.029117,-0.013,0.014765,0.0072637,0.017862,0.0038666,0.047322,-0.086097,-0.082386,-0.041665,0.054848,0.010461,0.037935,-0.022605,0.013981,0.056458,0.03404,0.033828,0.098664,0.046694,-0.046698
-0.074195,0.0045711,0.047121,-0.040129,-0.10599,-0.071668,-0.035893,-0.063245,0.0069553,0.0063258,-0.032032,0.061131,0.11389,-0.0026095,-0.00055166,0.052963,0.11177,0.019376,-0.032978,-0.00046404,-0.038652,-0.038034,0.099299,-0.00091653,-0.07541,0.043196,-0.042705,0.003189,-0.0014549,-0.004211,-0.084952,-0.011606,-0.027279,0.076597,0.099179,-0.014011,0.058879,0.070177,0.055258,0.058544,0.053695,0.057365,-0.058071,-0.04826,-0.059374,0.083647,-0.052996,-0.040784,-0.017658,-0.03802,-0.024584,-0.078515,-0.070869,0.014086,-0.059733,-0.06933,-0.05726,-0.021271,0.095931,-0.079242,-0.025352,-0.035919,-0.023866,-0.044444,0.032338,-0.133,-0.065543,-0.16258,0.045527,-0.051826,0.0026014,-0.078143,0.0014751,-0.00010462,-0.00764,0.0022685,0.065477,-0.0069858,0.024218,-0.083795,-0.02451,-0.028239,-0.12795,0.055281,-0.050549,-0.040519,-0.03276,-0.021448,0.016327,0.069128,0.096675,0.15315,-0.010244,-0.064538,-0.028337,-0.066486,-0.035263,-0.034329,0.088588,-0.0047793
-0.071838,-0.098669,0.067348,0.039239,-0.055477,0.092492,0.027161,-0.037559,0.033859,-0.027292,-0.024888,-0.052305,-0.045944,0.045409,0.041023,-0.029606,-0.019724,0.040159,-0.062481,0.028799,-0.033804,0.01316,0.08082,-0.11105,0.016183,0.10081,0.0232,0.007284,0.031486,-0.062163,0.083251,0.034372,-0.015943,-0.065661,0.024381,0.042008,0.021342,-0.082766,-0.038897,0.072001,0.13757,0.0055491,-0.007995,-0.025176,-0.04407,0.061882,0.05529,0.036904,0.023132,-0.050185,-0.081182,-0.015048,0.0058002,0.002052,-0.024542,-0.016509,0.06768,-0.059472,0.0052535,-0.0027173,0.004098,-0.041388,0.028654,-0.025654,-0.065344,-0.022037,0.024369,0.093026,-0.035043,0.028825,0.0097114,-0.076586,-0.087488,-0.15646,0.03364,-0.1078,0.0010754,0.10424,0.10314,-0.023248,-0.023972,0.087256,0.0076175,-0.028748,0.027779,-0.039394,0.028493,0.013675,-0.085139,0.022626,-0.10289,-0.0066595,0.11645,-0.025834,0.047916,0.050016,-0.012015,-0.10928,-0.010426,-0.010138
-0.018557,0.042408,0.0017563,0.052886,-0.065945,0.03043,-0.041175,-0.0066771,0.15363,0.014953,-0.024491,0.10783,0.028179,0.11138,0.0093172,0.017002,0.053889,0.0035339,-0.1146,0.0028857,0.063645,0.00014783,-0.071947,0.0023513,0.031789,0.012092,0.0262,0.035544,0.073756,-0.091851,0.014943,0.027223,0.014227,-0.17631,0.071385,-0.027005,0.075939,0.068096,0.067264,0.001938,-0.01779,-0.0047254,0.04253,0.013695,-0.016297,0.035648,-0.00071126,-0.094338,-0.0018151,-0.073541,-0.015815,0.070635,-0.013098,-0.024515,0.061794,-0.024726,-0.055488,-0.041462,0.011589,-0.038917,0.032451,0.018483,-0.047372,0.14802,0.073188,-0.035273,0.0031024,0.095854,-0.031456,0.055,-0.0065318,0.037305,0.042993,-0.025545,0.09804,0.002618,0.020675,-0.026651,0.020666,-0.051875,0.065396,-0.008462,0.019158,0.040141,-0.024616,-0.011569,0.07788,0.068493,-0.017457,0.087297,0.1216,-0.05432,0.050196,-0.02862,-0.0068247,0.042709,-0.0076697,0.029008,0.046433,-0.0081058
0.026205,-0.021246,0.096262,0.010252,0.013431,0.019734,0.015361,0.025584,-0.049553,-0.049513,0.077855,0.064373,0.036225,-0.070815,0.008718,0.011816,0.030618,-0.0011844,0.033927,-0.019351,-0.11744,0.068447,0.016553,-0.07747,-0.02764,-0.06138,0.01163,0.12675,-0.034896,-0.0084012,-0.066573,0.050856,-0.0053779,-0.019245,0.011225,-0.011793,0.027141,-0.037406,-0.017135,-0.057908,0.047486,-0.042957,0.0063104,-0.011836,0.031533,-0.033682,0.044098,0.04734,0.0024697,0.021349,0.0039058,0.0076725,-0.11457,-0.021473,-0.053547,-0.021663,-0.037353,-0.076062,-0.021516,-0.025003,-0.030296,0.053916,-0.014732,-0.052776,0.12962,0.09205,-0.091947,0.0034906,0.008226,0.083856,-0.0079789,0.03047,-0.047722,-0.12618,-0.076954,-0.029936,-0.064177,0.047852,0.042048,-0.0074345,-0.0017037,0.055594,0.086526,0.093596,-0.056484,0.093497,0.069645,-0.027049,0.0093009,-0.010368,0.020144,-0.011554,-0.035446,-0.10023,0.023044,0.04942,0.057949,-0.078376,-0.012222,0.042461
-0.035795,-0.013907,0.084006,0.019184,-0.0081899,-0.04165,0.063513,0.039604,0.036673,0.062883,-0.036686,-0.043235,-0.07,0.059374,-0.039537,0.011451,-0.061138,0.072716,0.023665,0.018641,-0.030693,0.017498,-0.088117,0.021593,-0.067737,-0.022286,-0.016785,0.052788,-0.10967,-0.08517,0.0074694,0.010085,0.034482,-0.030278,0.052582,-0.019959,-0.092227,0.13454,-0.069635,0.070374,-0.0012124,0.0035303,0.037628,0.06143,-0.031225,0.028319,0.071166,0.014679,0.077526,-0.045344,0.054283,-0.015096,-0.020296,-0.026431,-0.20067,-0.024247,-0.062815,-0.016243,0.0054642,0.0042904,-0.041632,-0.11482,-0.044403,-0.0011488,-0.087936,-0.0012756,-0.0065407,-0.089507,-0.0071561,0.029444,0.043725,0.055915,0.002712,0.05072,0.050879,0.011276,-0.13464,0.038149,0.015594,-0.010369,0.011872,0.021921,-0.035229,-0.021973,-0.0094853,-0.04877,0.015393,-0.027432,0.035683,-0.025619,0.038467,0.012904,0.017217,-0.0301,0.015223,0.030956,0.042388,0.0092592,0.00070365,0.10905
-0.053086,0.10322,-0.032231,0.074966,-0.041228,0.034526,-0.0053464,-0.064821,-0.022133,0.039286,0.07746,0.0049283,0.024562,0.067849,0.045874,0.09479,-0.070512,-0.046448,-0.031081,0.030923,-0.027954,-0.0017429,-0.018185,-0.14254,0.044398,-0.036957,-0.014341,0.0023983,0.023128,0.043607,-0.011519,0.016759,0.013277,0.010473,0.038891,0.041719,-0.062863,0.093064,-0.042234,0.024407,-0.0255,-0.052287,-0.019629,0.071351,0.050095,0.11536,0.056002,0.098155,0.01018,-0.0043461,-0.093352,0.0078335,0.044642,-0.045131,-0.053733,-0.025264,0.17539,-0.13447,-0.084752,0.12925,-0.031045,-0.05397,-0.079525,0.042883,0.0095686,-0.042901,0.087891,0.023125,0.057081,0.12089,0.020054,-0.072914,-0.0077126,0.10521,-0.0019747,0.018845,-0.035982,0.062972,0.068616,0.010192,0.041651,-0.048051,0.0014901,-0.099442,0.0072681,0.05649,0.067478,-0.026105,0.030075,0.0027119,0.020323,-0.037184,-0.0087758,-0.020558,-0.073059,-0.016235,0.0082965,0.095723,0.014446,-0.030274
-0.10101,-0.0089834,0.015537,-0.0022578,-0.029899,-0.0332,-0.024806,0.060855,0.048272,0.043941,0.042739,-0.012659,0.07932,0.0090639,-0.0022719,0.027398,-0.010313,-0.013719,0.075946,-0.0088921,0.10479,0.072312,0.030105,-0.014692,-0.020743,0.048957,0.030411,-0.024237,-0.1368,-0.022927,-0.057682,0.048346,-0.026421,-0.10522,0.024385,0.020682,-0.02279,0.025465,-0.066225,0.098703,-0.016031,0.073609,0.012278,0.033604,-0.013674,0.11428,-0.038949,0.0019015,0.017905,0.00074868,0.032651,-0.00084216,-0.0052828,0.032385,-0.11618,0.013742,-0.049088,-0.018394,0.010822,-0.094304,0.049138,0.086733,0.056929,0.027503,0.050048,-0.031369,-0.0023615,-0.04292,0.10466,0.11798,-0.083402,0.041147,0.0020415,0.083494,-0.022074,-0.016292,-0.0029275,-0.035267,-0.20493,-0.080541,-0.035964,0.029681,0.036224,-0.02818,0.068009,-0.026713,-0.055459,-0.086292,0.0097915,0.021123,-0.032847,-0.035668,0.052672,0.035119,0.098934,0.023296,-0.041541,0.030619,-0.025966,0.0063479
-0.040573,0.0043262,0.00018414,-0.0059457,-0.044201,0.027892,0.0048411,0.076297,-0.030435,0.0058742,-0.021511,0.090551,0.030104,-0.03149,-0.0030969,-0.0075893,0.0054841,-0.057957,-0.002027,0.011364,-0.036252,-0.0081591,-0.0032059,0.016513,-0.015229,0.023466,0.083269,-0.094275,0.00084864,-0.011075,0.065617,0.0006926,0.12138,0.0061368,-0.1005,0.0093607,-0.00066328,0.076781,0.10382,-0.032465,-0.031989,-0.025314,-0.10861,-0.0037722,0.0023333,0.10834,0.0099684,0.0012834,-0.0094701,-0.044964,-0.098173,0.042201,-0.0064383,-0.006687,-0.07901,-0.0022598,0.074532,-0.040093,0.062287,-0.013655,-0.041613,-0.015989,0.018208,0.025228,-0.076288,-0.019695,0.097665,-0.058534,-0.014216,0.0064947,-0.010245,0.022919,0.0014576,-0.03714,0.0058938,0.11007,0.017355,0.041828,-0.006936,-0.012709,0.056993,0.064678,-0.073911,0.010829,0.012623,0.086095,0.038717,-0.059239,-0.0040741,0.032823,-0.037652,-0.036208,-0.014775,0.070698,-0.010061,-0.038864,-0.038795,0.00045474,0.0098472,0.067831
0.050198,-0.0095954,-0.015744,0.041527,0.016649,-0.061985,0.0091746,-0.026513,0.026459,-0.092875,0.021615,0.0020122,0.042306,-0.059409,0.04715,0.055778,-0.020942,0.031413,-0.087445,0.022806,0.015581,0.0083447,-0.067031,-0.07782,0.095143,0.11539,-0.074388,-0.055237,-0.03346,0.00135,0.00098502,-0.014388,0.021633,-0.060065,0.02342,0.013692,-0.0042767,-0.010666,0.0098856,-0.018969,0.064217,0.052414,-0.038151,0.0051647,-0.0054841,0.068116,-0.031964,0.077028,-0.027361,-0.11157,0.053088,-0.089039,0.037274,-0.045265,-0.021378,0.080183,-0.048157,-0.030507,0.0099372,0.040903,-0.0069926,0.039085,-0.0031625,0.032947,0.12776,0.010606,-0.014874,-0.024937,0.0098852,-0.091846,0.016618,0.038719,-0.034179,-0.044037,0.050677,0.047186,0.016917,0.0016208,0.055809,-0.0037947,-0.028813,0.024446,-0.021937,0.049993,-0.01501,-0.066413,-0.012675,-0.014225,-0.038296,0.021323,0.064585,-0.027245,0.040884,0.011199,0.0025076,7.4218e-05,0.031895,-0.055898,0.014772,-0.056233
0.040554,-0.084719,0.047253,-0.065405,-0.010537,0.05845,0.00081897,0.141,0.00090033,-0.05898,0.0017148,-0.0072787,-0.039612,0.018257,0.06735,0.015704,0.031956,0.0055438,-0.04529,-0.035245,-0.032205,-0.10203,-0.019751,0.013799,0.02015,-0.053317,0.065252,0.031798,0.068326,-0.061208,0.027247,-0.047636,0.027373,-0.070956,0.02418,-0.041244,-0.038722,-0.033217,0.1061,-0.080438,0.046678,0.066481,0.086286,0.052158,0.036729,-0.023308,0.055604,0.0051544,-0.016075,-0.075138,-0.060027,0.023888,0.0096887,-0.0047807,-0.052304,0.011657,0.016103,0.026432,-0.05178,0.0043155,0.01438,-0.023774,-0.021215,0.045546,-0.054918,0.012472,0.072522,0.0038542,-0.0088381,0.045502,0.011771,0.03264,-0.04172,0.024007,-0.0053683,0.096324,0.032269,0.05681,-0.091973,0.067707,0.056893,0.0080164,0.0064538,0.06709,-0.052739,0.016121,-0.011318,0.0022402,0.12621,-0.068197,0.015283,-0.0082097,0.058123,0.11616,-0.088897,0.0089515,-0.026583,-0.003277,0.12417,0.002954
0.00064076,0.039219,0.047461,0.0099853,-0.094458,-0.048122,0.0227,0.099058,0.10408,-0.034592,0.097223,-0.0040503,0.022481,0.0001061,0.059882,0.00091937,0.015418,-0.0091572,0.017223,-0.001134,-0.042179,0.0025631,0.029229,0.058972,-0.020262,-0.055852,0.026567,0.0033811,-0.068984,-0.070231,-0.065696,-0.018367,-0.03192,0.075988,-0.0020198,-0.016192,-0.069791,0.098883,0.038993,0.10543,0.0071024,0.021265,-0.0029192,0.011993,-0.080933,0.060491,0.021942,-0.0034752,-0.12633,-0.023617,0.0115,0.050746,0.093593,0.05343,0.037863,0.065344,0.0097441,0.011153,-0.023701,0.0082053,-0.0034031,-0.057971,0.0219,-0.0095237,-0.072578,0.14808,-0.036884,-0.00079523,-0.090313,0.11314,-0.042705,-0.072879,-0.012647,-0.039438,0.068208,0.051605,0.043234,-0.049045,0.0069486,-0.054033,-0.0093122,0.018253,0.071951,0.070651,-0.029677,0.064077,0.02598,0.038796,0.074753,-0.0051378,-0.056066,-0.068988,0.046323,0.06278,-0.029182,-0.019361,-0.077884,0.01956,-0.050629,-0.0088631
0.050592,0.048543,0.07413,-0.0025203,-0.083347,0.047975,0.018708,-0.025032,0.0063395,-0.019926,-0.020007,0.011416,-0.014213,0.051019,-0.046883,-0.068436,0.032366,0.016441,0.0036522,0.08209,0.021258,0.06603,-0.0029226,-0.029455,-0.086987,0.053271,0.032276,0.09138,0.077706,-0.063415,0.0026043,-0.038866,-0.021058,-0.050593,0.081364,0.11028,0.019296,0.020922,-0.12793,-0.070354,-0.030627,0.085163,0.086711,-0.023652,0.011434,0.025789,-0.11039,-0.054223,-0.0070723,-0.046732,-0.021692,0.0030937,0.058737,0.028729,-0.0060798,-0.042887,-0.00249,0.0053262,-0.010592,-0.020657,0.011396,-0.075443,-0.047797,0.0023883,0.058024,0.06341,0.0075366,0.030228,-0.068231,0.023818,-0.086581,-0.030101,0.10332,-0.011715,-0.0048089,0.16273,-0.026747,-0.054827,-0.012525,-0.010477,0.037145,0.075255,0.028268,-0.088053,-0.044101,-0.075596,0.044345,0.052116,-0.039576,0.02494,0.025028,0.046555,-0.045465,-0.0037727,0.022637,0.0071206,0.04953,0.086134,0.092833,0.01575
-0.072386,-0.20993,0.02136,-0.053593,-0.01705,-0.089785,0.014752,0.026369,0.1257,-0.0081989,-0.012731,0.075892,0.076105,0.0025225,-0.017481,0.052304,0.047778,-0.09092,0.11336,-0.1103,-0.035348,-0.042852,0.05312,0.10489,0.012671,0.051976,0.00057693,0.04725,-0.020748,0.10722,0.022505,0.036447,0.0076467,-0.044551,0.058884,0.039392,-0.0021589,0.032919,-0.11591,0.012372,0.011087,-0.036684,-0.064825,-0.021466,-0.05708,-0.001083,-0.040051,-0.086225,-0.001084,-0.0017908,0.08343,0.054144,0.03848,0.038514,0.002637,-0.03543,0.006529,-0.098514,-0.034413,-0.14297,-0.016569,-0.073664,-0.024915,0.028125,-0.017732,-0.05079,-0.013167,-0.042197,0.077171,-0.015502,0.007404,-0.079609,-0.019011,0.058952,-0.020929,-0.0059923,-0.0033089,-0.068674,0.035431,0.0089356,0.051299,-0.043294,-0.023334,-0.017572,-0.066171,0.0036809,-0.012564,0.043572,0.058955,-0.12809,0.02006,-6.5978e-05,0.075721,0.042274,-0.087289,0.027321,0.01003,-0.051445,-0.0037624,-0.016212
-0.060849,-0.0043891,0.032896,0.022089,0.072585,-0.12623,0.039048,0.036181,-0.0059209,-0.027415,0.035408,0.08431,0.020749,0.018977,-0.049604,-0.027826,-0.019706,-0.00039107,-0.069506,0.04405,0.038001,0.074537,-0.0018537,-0.052423,0.045099,-0.13782,0.019691,0.028885,-0.031747,0.092538,-0.020746,0.024851,0.090365,0.060034,0.0080338,-0.062701,0.07142,0.087081,0.0048853,0.022728,-0.087938,0.0035495,-0.015672,-0.029537,-0.085042,0.0016044,-0.064771,0.027689,-0.024122,0.13329,0.020831,0.025135,-0.059793,0.040587,0.029348,0.073735,-0.069219,0.074917,-0.080917,0.12238,-0.063343,-0.018913,-0.045941,0.020399,0.10232,-0.061047,0.049608,-0.052691,-0.066899,0.051226,0.062382,-0.056842,0.013141,-0.10558,0.0011459,0.0071598,-0.024461,-0.04299,-0.041266,0.077959,-0.0096981,0.0019467,-0.0076093,-0.053584,0.0068409,0.089471,0.00073615,0.042006,0.021494,0.016972,0.01667,0.089671,-0.026021,-0.074963,0.0013076,0.06029,-0.08841,-0.0079957,-0.06356,-0.031311
-0.07749,0.0078938,0.02193,0.032768,-0.016518,0.053914,0.033105,-0.021416,-0.0020321,-0.016571,0.030567,-0.095214,-0.068732,0.054131,0.070281,0.053893,-0.02881,0.07137,-0.12906,0.0010575,-0.065135,-0.024457,0.050766,-0.016624,0.096499,-0.022026,-0.0065963,-0.10937,-0.095643,-0.06084,-0.013303,0.074666,0.061683,-0.10676,0.062097,-0.014047,0.066688,-0.097493,0.024256,-0.014577,-0.057118,-0.072172,0.037216,0.070626,0.018522,0.025231,-0.014037,-0.039141,-0.046533,0.089986,-0.071092,-0.076756,-0.066552,0.075119,-0.0093709,-0.030966,-0.0051047,0.030476,-0.10262,0.011042,0.040996,-0.076745,-0.017413,0.055769,-0.0015432,-0.011072,-0.035772,-0.050159,0.081213,-0.016679,-0.026252,0.026031,-0.077534,0.073914,0.15392,0.054638,0.021915,0.17409,-0.039477,0.0082369,0.0039357,0.01086,0.09673,0.012278,0.023027,-0.0089391,0.06158,0.002889,0.021142,-0.071951,-0.046611,-0.010098,-0.083563,0.012074,-0.089218,0.066032,0.0021231,-0.070724,-0.065896,0.075094
-0.070032,-0.025767,-0.040983,0.02333,-0.087785,-0.0035424,-0.014433,-0.070243,-0.058432,0.057334,0.0086587,0.096145,-0.052414,0.1035,-0.0096844,-0.073684,0.080664,-0.061207,-0.0039533,-0.091725,-0.050615,0.049129,0.026368,-0.019865,-0.010978,0.042716,-0.10313,-0.028517,-0.030333,-0.076977,0.080659,-0.016718,-0.013272,-0.027404,-0.092201,-0.043667,-0.0020231,0.044464,0.053417,-0.045549,-0.039839,0.038017,0.037528,0.083231,0.0097511,-0.019589,0.028099,0.029332,0.0037726,0.0054691,0.040703,0.030245,-0.035596,0.071006,-0.028282,0.069551,-0.049436,0.048231,0.0069648,0.057282,-0.053159,-0.050465,-0.0094651,0.0057624,0.05754,-0.035332,0.033284,0.020893,0.0015814,0.08303,0.059369,-0.027361,0.020574,-0.0086221,0.01208,-0.01216,-0.0088189,-0.0016908,-0.0016007,-0.055866,-0.066986,0.016445,-0.010711,0.058708,-0.0049264,0.0043563,0.0024957,0.00035369,-0.1008,0.017992,0.077294,0.0055653,-0.064,-0.0076506,0.023751,0.0040927,-0.037756,-0.042234,-0.065728,0.058712
-0.067903,0.035928,-0.00019857,-0.0090021,-0.04683,-0.014529,0.17229,-0.07336,0.051559,0.05385,0.0072896,0.069302,0.026012,0.019779,-0.048909,0.042818,0.039609,0.092341,-0.01473,0.01598,-0.016518,-0.074639,-0.057927,-0.070201,0.097321,0.00038362,0.076969,-0.062584,-0.0052118,-0.0053425,0.033309,0.011245,0.077993,0.019779,-0.13752,0.12303,0.049402,0.0052552,0.033082,0.011942,0.0057487,0.093305,0.1054,0.017963,-0.024546,-0.019421,0.018128,-0.075249,-0.035496,-0.063369,0.0098337,0.15966,-0.10274,-0.070146,0.0026264,0.086818,-0.00046229,0.0045182,-0.0032145,-0.044471,-0.085981,-0.016699,0.0017699,0.06512,0.014903,-0.12053,-0.12719,0.0044204,-0.00013403,0.039064,0.10495,0.028352,0.087324,-0.046959,-0.0067454,0.048343,0.042206,0.11923,-0.014164,0.038905,-0.04169,0.075517,0.067763,-0.049314,-0.018242,0.04537,-0.042865,-0.013965,0.062021,-0.0013932,-0.034479,-0.0098714,0.10126,0.017559,-0.070337,-0.093013,-0.0021839,-0.11645,-0.0022313,0.0098656
-0.077607,0.084112,0.03509,0.023378,0.033517,-0.040753,0.011922,0.008586,0.017259,-0.025528,-0.027457,-0.039948,-0.056839,0.043816,-0.064754,0.017688,-0.004269,-0.042001,-0.060561,0.0082524,0.0087523,0.0055319,0.055874,0.03023,-0.076361,-0.014664,-0.054513,-0.02964,-0.070463,-0.075029,0.036024,0.04824,0.046099,-0.058314,0.065604,0.026034,-0.030858,-0.060788,0.087442,-0.0067658,0.004096,0.046639,-0.052162,-0.037803,0.044675,-0.03949,-0.015117,-0.020473,0.0027156,0.061323,-0.0015012,-0.062788,-0.097926,-0.044816,-0.044801,-0.015448,0.037728,-0.032998,-0.012943,0.0015119,-0.10566,0.067446,-0.11969,0.02341,0.080372,0.076265,-0.068811,-0.022138,0.044236,-0.041323,-0.014273,-0.0097666,0.066715,0.022421,0.047042,-0.06379,0.019461,-0.021908,-0.010728,0.009951,-0.0063765,-0.10438,-0.024242,0.072416,-0.08443,-0.039479,-0.059739,0.065948,-0.017934,0.024704,0.018481,0.02405,-0.12894,0.040254,0.013397,0.053209,-0.0080408,0.026607,0.021912,-0.045663
0.0080953,-0.015816,0.0010365,-0.10415,0.018651,-0.088132,0.014146,-0.018384,0.070016,0.10583,0.06062,0.019257,0.033268,0.064256,-0.015276,-0.057889,-0.017237,-0.1495,0.10416,-0.056439,-0.027122,-0.01899,-0.0082398,0.085066,-0.009259,0.052711,-0.11692,-0.01194,0.015915,0.0054676,0.0091193,-0.010663,-0.053649,-0.0028624,0.038494,-0.071591,-0.073692,-0.051563,-0.07243,0.048666,-0.076808,0.039218,-0.03144,-0.069752,0.080366,-0.036855,-0.1164,0.03792,0.013318,0.0077075,0.05808,0.058015,0.0042196,-0.038288,0.018348,0.091942,-0.06321,0.058415,-0.02689,-0.059894,-0.029045,0.077463,-0.065364,-0.032161,0.099217,0.068179,0.042877,0.018712,0.11384,-0.088142,-0.0046001,-0.026186,-0.04372,-0.070718,0.076538,-0.082724,0.038515,0.045832,-0.048412,-0.0069393,-0.014197,0.12193,0.017109,-0.022754,-0.0071678,-0.064327,-0.0054536,0.119,-0.0073151,-0.10755,-0.019951,-0.11149,-0.015501,-0.048527,-0.0072947,-0.16304,-0.062467,-0.013013,-0.0033999,0.05607
0.092356,0.0017448,-0.015562,0.069157,0.046559,-0.072341,-0.023896,-0.012011,0.069892,-0.013704,-0.011515,-0.033121,-0.019162,0.00066401,-0.064688,-0.020336,-0.069719,0.017624,0.013242,0.025716,-0.0092372,0.13641,-0.033556,0.0050088,0.021779,-0.042315,0.05612,-0.035019,0.0099377,-0.040363,-0.012739,0.14076,0.0098498,-0.098442,0.030152,0.022974,-0.047513,-0.0062388,-0.028589,0.069424,-0.022389,-0.06453,-0.0040083,-0.018507,-0.074721,0.0066308,0.0023575,-0.097065,0.0062818,0.043159,-0.029311,-0.033071,-0.0054508,-0.048859,-0.071759,0.064632,-0.026404,0.083773,-0.089728,0.017155,0.077391,-0.057941,-0.051303,-0.10174,-0.046342,-0.0026432,0.019984,-0.0050331,-0.0055464,-0.0097804,-0.0070153,0.027141,0.098763,-0.052833,0.034438,-0.057777,0.019067,-0.0030957,-0.075567,-0.018355,-0.016,0.017683,-0.050575,0.041652,-0.017304,0.11824,-0.010327,0.021475,0.0094672,0.076155,-0.096522,-0.06021,0.048908,0.1394,0.11018,-0.020398,0.019799,0.046617,0.035587,0.0045532
-0.049158,0.015316,0.044638,0.022801,0.15846,-0.021917,-0.089402,0.016531,-0.051827,-0.03618,0.041482,-0.079938,-0.001109,-0.037526,0.023481,-0.070179,-0.044762,0.040866,0.029163,-0.043183,-0.061594,-0.060661,-0.09098,-0.020758,-0.069105,0.077359,0.027143,-0.047835,-0.020617,0.01739,-0.037034,-0.10206,-0.033815,-0.062003,-0.014394,-0.04673,0.010887,0.0033499,0.063641,0.057649,-0.0054187,0.028727,-0.03092,0.01519,-0.11298,-0.0070524,0.003809,-0.00087772,0.10055,-0.020784,-0.05253,0.010509,-0.049365,0.10005,-0.035197,-0.080728,-0.10973,-0.041201,0.072673,0.099609,-0.091301,0.030728,0.0043687,0.035327,-0.0097783,-0.0016982,0.048336,0.083745,0.07886,0.018614,0.011762,-0.089728,0.077836,8.1766e-05,-0.0055718,-0.037447,0.070794,-0.076152,0.063109,0.070331,-0.016898,0.070657,0.04966,-0.02744,-0.0064515,-0.0073362,-0.0012843,0.015273,0.099948,-0.083277,-0.067974,-0.0095691,0.042516,-0.048112,-0.040967,0.01693,0.044553,0.057095,0.020914,-0.064115
-0.012186,-0.068511,0.024994,-0.11524,0.018373,-0.099321,-0.017348,-0.052095,-0.0039795,0.10099,-0.09577,0.026042,-0.037891,-0.062287,-0.023678,0.019298,-0.059788,0.0096129,0.037977,0.0313,-0.051464,-0.017056,-0.045963,-0.022644,-0.067419,-0.017189,0.11014,0.044799,0.015866,-0.052615,-0.067902,-0.014121,-0.039103,-0.0058518,0.079325,-0.11877,0.041288,0.067994,0.027422,-0.0044917,-0.09173,0.0037414,-0.019027,0.0026847,-0.072073,0.010183,-0.060812,-0.052596,0.017836,0.046936,0.052942,0.00020235,-0.089151,-0.023926,-0.091749,-0.044859,0.063665,-0.11367,-0.063964,-0.0082366,0.039168,0.027584,0.086942,0.088746,0.001251,0.046426,-0.032599,-0.0085668,-0.095397,0.12804,0.083993,-0.031554,0.0059196,-0.093844,-0.012946,-0.053983,0.039373,-0.0081123,0.045911,0.019742,0.061127,0.060963,0.060393,-0.01314,0.081345,-0.076389,0.094001,-0.017982,0.012833,0.06172,-0.022391,0.040355,-0.025616,-0.17133,0.057159,0.049818,0.033277,-0.00066574,-0.005153,-0.029977
-0.0043546,0.023328,-0.090473,-0.062691,0.053535,-0.080792,0.022469,-0.042958,-0.015327,-0.014002,-0.069054,0.00088177,-0.027738,0.10759,-0.11445,0.0080155,0.094692,0.08539,0.001682,-0.026186,-0.080392,-0.031595,-0.019266,0.035622,-0.04886,0.018722,0.041228,-0.053151,0.062644,0.097492,0.024937,0.043804,0.025091,-0.081249,0.1202,-0.0033474,0.039948,0.0064244,0.067665,0.064182,0.046388,0.040354,0.015665,-0.0083052,-0.013152,-0.067491,0.024293,0.039846,-0.0049551,-0.009329,-0.027135,-0.050964,-0.043341,0.058142,0.027241,0.022899,-0.048444,-0.079338,-0.051764,0.0098708,0.026477,0.054514,-0.060671,0.038819,-0.020737,0.048611,0.013398,-0.014823,0.034585,-0.011597,0.0052864,0.088384,-0.030929,0.066039,0.0067703,0.004294,-0.0112,-0.095783,0.064593,-0.0087241,0.021652,-0.020684,-0.033472,0.02881,-0.005139,-0.021111,-0.10192,-0.061237,-0.057324,-0.041507,-0.059291,0.014538,-0.051868,0.022012,0.078375,-0.027071,0.05161,0.058469,-0.046118,-0.01537
0.032847,0.095733,0.083359,0.056608,-0.0024518,-0.035993,-0.036386,0.013119,0.027767,-0.0020356,-0.049065,0.0012637,-0.0045753,0.00975,-0.11111,-0.093632,-0.039935,-0.099097,0.071739,0.10178,-0.036955,-0.068723,0.028907,-0.091177,-0.033217,0.0036951,-0.055064,0.0036481,0.017234,0.065748,-0.11201,0.0040378,-0.076065,0.0037645,-0.062572,-0.058988,0.043258,0.024362,-0.037867,0.010229,-0.013344,0.06335,-0.05431,0.065776,0.053566,-0.11394,-0.0078271,-0.03609,-0.0017721,0.043535,-0.07624,-0.0039977,0.11949,0.035042,0.034716,0.013884,-0.00042994,0.053437,-0.09209,0.010059,0.10591,0.049315,0.080867,0.00037824,0.12788,0.084424,-0.021796,0.059912,0.043899,-0.078967,-0.092893,-0.031502,-0.067034,0.04619,0.056943,0.06129,0.086405,0.026676,-0.0069645,-0.00045113,-0.012848,-0.028311,-0.012794,0.013673,-0.06845,-0.0078717,0.12124,0.028564,-0.094261,0.055934,-0.12344,0.043695,-0.024669,0.044294,0.032355,0.093385,0.077332,0.042052,-0.013913,0.028658
-0.070773,-0.056541,-0.053187,0.012262,-0.017497,-0.031902,0.015254,-0.039985,-0.0029343,-0.010426,-0.016988,-0.0065004,-0.043681,0.022768,0.022867,-0.0060325,-0.070339,-0.012548,0.0042323,0.012205,0.064161,0.10932,0.016437,-0.0365,0.059462,0.010185,-0.022576,0.0088965,0.035969,0.056017,-0.041651,-0.06413,0.0039145,0.085518,0.01361,0.088181,-0.042626,-0.0576,-0.083596,-0.01207,0.034367,0.0038513,0.00058398,-0.057771,0.040755,-0.030206,-0.041014,0.015387,0.0043853,0.005386,0.0060866,0.076085,0.026417,-0.010089,-0.033357,-0.02069,0.025204,-0.052145,-0.014564,-0.025083,0.080948,-0.013552,0.026192,0.070761,0.03179,0.041459,-0.02489,-0.043385,0.032744,0.000439,-0.029677,0.087865,-0.0041041,0.032742,0.041202,0.077394,0.011091,0.017748,-0.0095255,-0.073976,0.020248,-0.078218,-0.0061825,0.025612,0.026796,-0.019619,-0.01412,-0.047203,0.092698,-0.022897,-0.078031,0.073771,0.10053,0.0036813,0.02473,0.053506,-0.061041,0.0726,-0.0090879,-0.010947
-0.057661,0.039402,-0.016413,0.10282,-0.028598,-0.059636,-0.054877,-0.023437,0.03019,-0.11462,-0.0793,-0.083984,-0.075385,-0.059108,-0.0024508,-0.028514,-0.032381,-0.073465,-0.047855,0.012351,0.019425,-0.010466,0.024041,-0.068255,-0.10167,-0.0097083,-0.095512,-0.061469,0.065547,0.030219,0.018472,-2.3961e-05,0.054821,0.066011,-0.022411,0.022197,-0.034567,-0.016816,-0.14581,-0.034564,-0.0020281,0.037147,-0.0092408,-0.19379,-0.035319,0.069622,0.023016,-0.022391,0.0068673,0.002,-0.047216,-0.032167,-0.054165,0.061975,0.069523,0.038979,0.056444,-0.039937,-0.0082049,0.099513,-0.055607,-0.07047,-0.0034336,-0.022314,0.04897,0.030293,-0.090359,-0.064742,0.084183,-0.098507,-0.039947,-0.0049638,0.080263,-0.07595,-0.0060326,-0.097183,-0.081359,-0.0014111,-0.0097885,-0.0096713,-0.03052,0.023373,0.019684,0.1299,0.080509,-0.0308,0.028891,-0.13125,-0.085885,-0.0091177,-0.002673,0.067473,0.057642,0.017494,0.030017,0.066925,0.063168,0.028981,-0.010886,0.055159
0.048551,-0.039202,-0.065547,-0.072011,0.081015,0.0097155,-0.028268,-0.052417,0.057385,0.045536,0.0565,-0.00021461,0.021124,0.069904,-0.027865,-0.017694,-0.058521,-0.075417,0.14866,-0.016152,-0.034859,0.034379,0.018934,-0.031896,0.0088922,0.0056239,0.088409,0.04684,-0.036513,0.0088537,-0.057437,-0.028637,0.042042,0.10851,-0.027676,-0.0041284,-0.050534,-0.025129,0.050635,-0.05152,0.030455,0.11742,-0.034421,0.0061694,0.023106,0.045731,0.030451,-0.019194,-0.070123,0.013244,-0.055872,0.030187,-0.054775,-0.062185,0.0040399,-0.10615,-0.01188,-0.067913,0.029686,0.034385,-0.04798,0.093261,0.0053682,-0.11337,-0.018786,-0.046013,0.053734,0.020886,-0.071682,0.094877,-0.022835,0.052636,-0.051701,0.051775,0.11879,-0.040764,-0.093093,0.14825,-0.022973,0.057826,0.036929,0.051002,-0.01541,0.019324,-0.041498,0.022552,-0.022422,-0.0019727,-0.033603,-0.027133,0.011956,0.044335,-0.011246,-0.0862,-0.0288,-0.087041,-0.019442,0.048975,-0.0038287,0.055351
0.025582,-0.017755,-0.13605,0.056049,0.021885,0.015085,-0.050324,-0.047068,0.073282,0.074676,0.0066836,0.070918,0.045147,0.00027178,0.073348,-0.097343,0.03841,-0.058491,-0.017491,0.059726,-0.010569,-0.03337,0.035457,-0.00034451,-0.024553,-0.093411,-0.037656,-0.050096,-0.0087162,0.002371,-0.016168,0.064687,-0.035304,0.058653,0.066181,-0.00017833,0.028398,0.041051,0.035252,-0.080973,0.05713,-0.066127,-0.023628,-0.07696,-0.023373,-0.086896,-0.030355,-0.091117,0.1214,0.0024323,-0.067862,-0.0061318,0.013582,0.012245,-0.029595,-0.025336,-0.046324,-0.0051368,-0.10439,0.0038636,0.012223,0.027271,-0.041699,-0.007356,-0.088225,-0.037927,0.083251,-0.051943,0.012935,0.026239,0.0653,-0.045668,-0.084644,-0.01163,-0.022706,0.012025,0.026601,0.075616,-0.030334,0.001301,-0.028543,0.0064164,0.056452,-0.0044451,0.10218,-0.017359,0.053311,-0.035826,0.021318,-0.012756,0.10083,-0.0089062,-0.0027845,0.0052138,0.026661,-0.085798,0.035085,0.041033,0.02256,-0.1349
